timeStamp,elapsed,label,responseCode,responseMessage,threadName,dataType,success,bytes,grpThreads,allThreads,URL,Filename,Latency,Hostname
1488197163178,252,13 /escm/login/auth,200,OK,Thread Group 1-1,text,true,5226,1,1,http://10.10.3.16:8080/escm/login/auth,,249,DESKTOP-0LC5NKG
1488197163431,9,16 /escm/css/jquery.ui.timepicker.css,200,OK,Thread Group 1-1,text,true,2086,1,1,http://10.10.3.16:8080/escm/css/jquery.ui.timepicker.css,,9,DESKTOP-0LC5NKG
1488197163443,11,19 /escm/css/jquery.alerts.css,200,OK,Thread Group 1-1,text,true,1235,1,1,http://10.10.3.16:8080/escm/css/jquery.alerts.css,,11,DESKTOP-0LC5NKG
1488197163456,59,19 /escm/js/jquery-ui-1.8.17.custom.min.js,200,OK,Thread Group 1-1,text,true,53407,1,1,http://10.10.3.16:8080/escm/js/jquery-ui-1.8.17.custom.min.js,,33,DESKTOP-0LC5NKG
1488197163517,13,22 /escm/js/jquery.alerts.js,200,OK,Thread Group 1-1,text,true,2581,1,1,http://10.10.3.16:8080/escm/js/jquery.alerts.js,,10,DESKTOP-0LC5NKG
1488197163532,12,23 /escm/js/validator.js,200,OK,Thread Group 1-1,text,true,5286,1,1,http://10.10.3.16:8080/escm/js/validator.js,,9,DESKTOP-0LC5NKG
1488197163546,2,18 /escmnull/css/merchant.css,404,Not Found,Thread Group 1-1,,false,109,1,1,http://10.10.3.16:8080/escmnull/css/merchant.css,,2,DESKTOP-0LC5NKG
1488197163550,7,21 /escm/js/jquery.bpopup.min.js,200,OK,Thread Group 1-1,text,true,2280,1,1,http://10.10.3.16:8080/escm/js/jquery.bpopup.min.js,,6,DESKTOP-0LC5NKG
1488197163559,6,17 /escm/css/logintypedialog.css,200,OK,Thread Group 1-1,text,true,1287,1,1,http://10.10.3.16:8080/escm/css/logintypedialog.css,,5,DESKTOP-0LC5NKG
1488197163568,14,14 /escm/css/theme/jquery-ui-1.8.17.custom.css,200,OK,Thread Group 1-1,text,true,6664,1,1,http://10.10.3.16:8080/escm/css/theme/jquery-ui-1.8.17.custom.css,,11,DESKTOP-0LC5NKG
1488197163584,81,20 /escm/js/jquery-1.5.2.min.js,200,OK,Thread Group 1-1,text,true,65186,1,1,http://10.10.3.16:8080/escm/js/jquery-1.5.2.min.js,,30,DESKTOP-0LC5NKG
1488197163667,90,15 /escm/css/merchant.css,200,OK,Thread Group 1-1,text,true,64167,1,1,http://10.10.3.16:8080/escm/css/merchant.css,,36,DESKTOP-0LC5NKG
1488197163758,15,24 /escm/css/fonts/Roboto-Light.woff,200,OK,Thread Group 1-1,text,true,73848,1,1,http://10.10.3.16:8080/escm/css/fonts/Roboto-Light.woff,,9,DESKTOP-0LC5NKG
1488197163774,12,25 /escm/css/fonts/Roboto-Bold.woff,200,OK,Thread Group 1-1,text,true,71736,1,1,http://10.10.3.16:8080/escm/css/fonts/Roboto-Bold.woff,,6,DESKTOP-0LC5NKG
1488197163787,423,26 /escm/css/fonts/Roboto-Regular.ttf,200,OK,Thread Group 1-1,text,true,145593,1,1,http://10.10.3.16:8080/escm/css/fonts/Roboto-Regular.ttf,,5,DESKTOP-0LC5NKG
1488197163174,1006,Hit the portal,,"Number of samples in transaction : 15, number of failing samples : 1",Thread Group 1-1,,false,500691,1,1,null,,431,DESKTOP-0LC5NKG
1488197164214,1099,27 /escm/login/doAuth?id=loginform,200,OK,Thread Group 1-1,text,true,10023,1,1,http://10.10.3.16:8080/escm/dashboard/myAccountInfo,,416,DESKTOP-0LC5NKG
1488197165316,11,31 /escm/js/jquery-validate/jquery.validate.min.js,200,OK,Thread Group 1-1,text,true,6824,1,1,http://10.10.3.16:8080/escm/js/jquery-validate/jquery.validate.min.js,,8,DESKTOP-0LC5NKG
1488197165329,16,39 /escm/js/jquery.flexslider.js,200,OK,Thread Group 1-1,text,true,12247,1,1,http://10.10.3.16:8080/escm/js/jquery.flexslider.js,,12,DESKTOP-0LC5NKG
1488197165347,9,38 /escm/js/MonthPicker.min.js,200,OK,Thread Group 1-1,text,true,4086,1,1,http://10.10.3.16:8080/escm/js/MonthPicker.min.js,,7,DESKTOP-0LC5NKG
1488197165358,8,36 /escm/js/jquery.slimscroll.min.js,200,OK,Thread Group 1-1,text,true,2145,1,1,http://10.10.3.16:8080/escm/js/jquery.slimscroll.min.js,,6,DESKTOP-0LC5NKG
1488197165369,5,44 /escm/css/payment/jquery.tzCheckbox.css,200,OK,Thread Group 1-1,text,true,1130,1,1,http://10.10.3.16:8080/escm/css/payment/jquery.tzCheckbox.css,,5,DESKTOP-0LC5NKG
1488197165376,7,40 /escm/js/jquery.elastic.source.js,200,OK,Thread Group 1-1,text,true,2329,1,1,http://10.10.3.16:8080/escm/js/jquery.elastic.source.js,,6,DESKTOP-0LC5NKG
1488197165386,6,41 /escm/css/modern_ui/usageGraph/jquery.jqplot.min.css,200,OK,Thread Group 1-1,text,true,1323,1,1,http://10.10.3.16:8080/escm/css/modern_ui/usageGraph/jquery.jqplot.min.css,,6,DESKTOP-0LC5NKG
1488197165395,6,32 /escm/js/jquery-validate/jquery.metadata.js,200,OK,Thread Group 1-1,text,true,1938,1,1,http://10.10.3.16:8080/escm/js/jquery-validate/jquery.metadata.js,,6,DESKTOP-0LC5NKG
1488197165404,7,43 /escm/css/modern_ui/usageGraph/jquery.jqplot.css,200,OK,Thread Group 1-1,text,true,1865,1,1,http://10.10.3.16:8080/escm/css/modern_ui/usageGraph/jquery.jqplot.css,,6,DESKTOP-0LC5NKG
1488197165413,6,33 /escm/js/datatable.js,200,OK,Thread Group 1-1,text,true,1607,1,1,http://10.10.3.16:8080/escm/js/datatable.js,,6,DESKTOP-0LC5NKG
1488197165422,56,59 /escm/js/usageGraphJS/jquery.jqplot.min.js,200,OK,Thread Group 1-1,text,true,43049,1,1,http://10.10.3.16:8080/escm/js/usageGraphJS/jquery.jqplot.min.js,,27,DESKTOP-0LC5NKG
1488197165481,7,35 /escm/js/jquery-validate/additional-methods.min.js,200,OK,Thread Group 1-1,text,true,2753,1,1,http://10.10.3.16:8080/escm/js/jquery-validate/additional-methods.min.js,,6,DESKTOP-0LC5NKG
1488197165491,10,42 /escm/css/modern_ui/usageGraph/examples.css,200,OK,Thread Group 1-1,text,true,1596,1,1,http://10.10.3.16:8080/escm/css/modern_ui/usageGraph/examples.css,,9,DESKTOP-0LC5NKG
1488197165504,6,34 /escm/js/jquery.leanModal.min.js,200,OK,Thread Group 1-1,text,true,1343,1,1,http://10.10.3.16:8080/escm/js/jquery.leanModal.min.js,,6,DESKTOP-0LC5NKG
1488197165513,16,69 /escm/js/usageGraphJS/jqplot.cursor.min.js,200,OK,Thread Group 1-1,text,true,5710,1,1,http://10.10.3.16:8080/escm/js/usageGraphJS/jqplot.cursor.min.js,,9,DESKTOP-0LC5NKG
1488197165531,8,70 /escm/js/usageGraphJS/jqplot.pointLabels.min.js,200,OK,Thread Group 1-1,text,true,1988,1,1,http://10.10.3.16:8080/escm/js/usageGraphJS/jqplot.pointLabels.min.js,,7,DESKTOP-0LC5NKG
1488197165541,8,71 /escm/js/usageGraphJS/jqplot.canvasAxisTickRenderer.min.js,200,OK,Thread Group 1-1,text,true,1465,1,1,http://10.10.3.16:8080/escm/js/usageGraphJS/jqplot.canvasAxisTickRenderer.min.js,,6,DESKTOP-0LC5NKG
1488197165551,9,72 /escm/js/usageGraphJS/jqplot.enhancedLegendRenderer.min.js,200,OK,Thread Group 1-1,text,true,2017,1,1,http://10.10.3.16:8080/escm/js/usageGraphJS/jqplot.enhancedLegendRenderer.min.js,,7,DESKTOP-0LC5NKG
1488197165563,8,73 /escm/js/usageGraphJS/jqplot.highlighter.min.js,200,OK,Thread Group 1-1,text,true,2518,1,1,http://10.10.3.16:8080/escm/js/usageGraphJS/jqplot.highlighter.min.js,,6,DESKTOP-0LC5NKG
1488197165573,8,68 /escm/js/escm_alert.js,200,OK,Thread Group 1-1,text,true,2139,1,1,http://10.10.3.16:8080/escm/js/escm_alert.js,,6,DESKTOP-0LC5NKG
1488197165582,6,67 /escm/js/jquery.scrollToTop.min.js,200,OK,Thread Group 1-1,text,true,774,1,1,http://10.10.3.16:8080/escm/js/jquery.scrollToTop.min.js,,6,DESKTOP-0LC5NKG
1488197165590,6,65 /escm/js/payment/jquery.tzCheckbox.js,200,OK,Thread Group 1-1,text,true,1635,1,1,http://10.10.3.16:8080/escm/js/payment/jquery.tzCheckbox.js,,6,DESKTOP-0LC5NKG
1488197165597,6,64 /escm/js/panels.js,200,OK,Thread Group 1-1,text,true,2221,1,1,http://10.10.3.16:8080/escm/js/panels.js,,6,DESKTOP-0LC5NKG
1488197165605,8,63 /escm/js/usageGraphJS/jqplot.dateAxisRenderer.min.js,200,OK,Thread Group 1-1,text,true,3191,1,1,http://10.10.3.16:8080/escm/js/usageGraphJS/jqplot.dateAxisRenderer.min.js,,7,DESKTOP-0LC5NKG
1488197165615,7,62 /escm/js/usageGraphJS/jqplot.canvasAxisLabelRenderer.min.js,200,OK,Thread Group 1-1,text,true,1301,1,1,http://10.10.3.16:8080/escm/js/usageGraphJS/jqplot.canvasAxisLabelRenderer.min.js,,6,DESKTOP-0LC5NKG
1488197165624,10,61 /escm/js/usageGraphJS/jqplot.canvasTextRenderer.min.js,200,OK,Thread Group 1-1,text,true,4130,1,1,http://10.10.3.16:8080/escm/js/usageGraphJS/jqplot.canvasTextRenderer.min.js,,8,DESKTOP-0LC5NKG
1488197165637,9,58 /escm/js/placeholders.min.js,200,OK,Thread Group 1-1,text,true,1967,1,1,http://10.10.3.16:8080/escm/js/placeholders.min.js,,6,DESKTOP-0LC5NKG
1488197165647,11,60 /escm/js/usageGraphJS/excanvas.min.js,200,OK,Thread Group 1-1,text,true,8168,1,1,http://10.10.3.16:8080/escm/js/usageGraphJS/excanvas.min.js,,9,DESKTOP-0LC5NKG
1488197165660,5,57 /escm/js/clearinput.js,200,OK,Thread Group 1-1,text,true,1200,1,1,http://10.10.3.16:8080/escm/js/clearinput.js,,4,DESKTOP-0LC5NKG
1488197165667,7,56 /escm/js/slideBlock.js,200,OK,Thread Group 1-1,text,true,1162,1,1,http://10.10.3.16:8080/escm/js/slideBlock.js,,6,DESKTOP-0LC5NKG
1488197165676,8,55 /escm/js/main.js,200,OK,Thread Group 1-1,text,true,2967,1,1,http://10.10.3.16:8080/escm/js/main.js,,6,DESKTOP-0LC5NKG
1488197165687,13,52 /escm/js/jquery.qtip-1.0.0-rc3.min.js,200,OK,Thread Group 1-1,text,true,10015,1,1,http://10.10.3.16:8080/escm/js/jquery.qtip-1.0.0-rc3.min.js,,10,DESKTOP-0LC5NKG
1488197165702,6,54 /escm/css/modern_ui/jquery.multiselect.css,200,OK,Thread Group 1-1,text,true,2234,1,1,http://10.10.3.16:8080/escm/css/modern_ui/jquery.multiselect.css,,6,DESKTOP-0LC5NKG
1488197165710,8,53 /escm/js/jquery.blockUI.js,200,OK,Thread Group 1-1,text,true,6159,1,1,http://10.10.3.16:8080/escm/js/jquery.blockUI.js,,7,DESKTOP-0LC5NKG
1488197165720,5,47 /escm/images/_loading.gif,200,OK,Thread Group 1-1,bin,true,4474,1,1,http://10.10.3.16:8080/escm/images/_loading.gif,,5,DESKTOP-0LC5NKG
1488197165727,11,50 /escm/js/jquery.ba-dotimeout.min.js,200,OK,Thread Group 1-1,text,true,1383,1,1,http://10.10.3.16:8080/escm/js/jquery.ba-dotimeout.min.js,,11,DESKTOP-0LC5NKG
1488197165740,14,51 /escm/js/jquery.tablesorter.js,200,OK,Thread Group 1-1,text,true,8739,1,1,http://10.10.3.16:8080/escm/js/jquery.tablesorter.js,,10,DESKTOP-0LC5NKG
1488197165756,5,48 /escm/images/settings.png,200,OK,Thread Group 1-1,bin,true,6116,1,1,http://10.10.3.16:8080/escm/images/settings.png,,5,DESKTOP-0LC5NKG
1488197165763,5,49 /escm/images/orders.png,200,OK,Thread Group 1-1,bin,true,2716,1,1,http://10.10.3.16:8080/escm/images/orders.png,,5,DESKTOP-0LC5NKG
1488197165770,6,46 /escm/images/myAccount.png,200,OK,Thread Group 1-1,bin,true,6797,1,1,http://10.10.3.16:8080/escm/images/myAccount.png,,6,DESKTOP-0LC5NKG
1488197165778,19,37 /escm/js/jquery.ui.timepicker.js,200,OK,Thread Group 1-1,text,true,14262,1,1,http://10.10.3.16:8080/escm/js/jquery.ui.timepicker.js,,14,DESKTOP-0LC5NKG
1488197165798,5,45 /escm/css/tablesorter.css,200,OK,Thread Group 1-1,text,true,2313,1,1,http://10.10.3.16:8080/escm/css/tablesorter.css,,5,DESKTOP-0LC5NKG
1488197165804,6,80 /escm/css/theme/images/ui-icons_ededed_256x240.png,200,OK,Thread Group 1-1,bin,true,4667,1,1,http://10.10.3.16:8080/escm/css/theme/images/ui-icons_ededed_256x240.png,,6,DESKTOP-0LC5NKG
1488197165811,6,79 /escm/images/bubble.png,200,OK,Thread Group 1-1,bin,true,3819,1,1,http://10.10.3.16:8080/escm/images/bubble.png,,6,DESKTOP-0LC5NKG
1488197165818,6,77 /escm/images/ticket/39x39ticket.png,200,OK,Thread Group 1-1,bin,true,2725,1,1,http://10.10.3.16:8080/escm/images/ticket/39x39ticket.png,,5,DESKTOP-0LC5NKG
1488197165825,6,78 /escm/css/modern_ui/images/myCatalog.png,200,OK,Thread Group 1-1,bin,true,3298,1,1,http://10.10.3.16:8080/escm/css/modern_ui/images/myCatalog.png,,6,DESKTOP-0LC5NKG
1488197165832,5,76 /escm/css/modern_ui/images/CP_login.png,200,OK,Thread Group 1-1,bin,true,6465,1,1,http://10.10.3.16:8080/escm/css/modern_ui/images/CP_login.png,,5,DESKTOP-0LC5NKG
1488197165838,5,75 /escm/css/modern_ui/images/dropDown.png,200,OK,Thread Group 1-1,bin,true,5895,1,1,http://10.10.3.16:8080/escm/css/modern_ui/images/dropDown.png,,5,DESKTOP-0LC5NKG
1488197165845,4,74 /escm/css/modern_ui/images/myDashboard.png,200,OK,Thread Group 1-1,bin,true,3239,1,1,http://10.10.3.16:8080/escm/css/modern_ui/images/myDashboard.png,,4,DESKTOP-0LC5NKG
1488197165850,108,66 /escm/js/payment/jquery.dataTables.js,200,OK,Thread Group 1-1,text,true,89133,1,1,http://10.10.3.16:8080/escm/js/payment/jquery.dataTables.js,,31,DESKTOP-0LC5NKG
1488197165959,5,81 /escm/css/theme/images/ui-icons_ffffff_256x240.png,200,OK,Thread Group 1-1,bin,true,4667,1,1,http://10.10.3.16:8080/escm/css/theme/images/ui-icons_ffffff_256x240.png,,5,DESKTOP-0LC5NKG
1488197164214,1647,Login to the portal,200,"Number of samples in transaction : 52, number of failing samples : 0",Thread Group 1-1,,true,327927,1,1,null,,800,DESKTOP-0LC5NKG
1488197165970,535,1 /escm/customer/index,200,OK,Thread Group 1-1,text,true,10404,1,1,http://10.10.3.16:8080/escm/customer/list,,12,DESKTOP-0LC5NKG
1488197166508,5,5 /escm/images/icon14.gif,200,OK,Thread Group 1-1,bin,true,579,1,1,http://10.10.3.16:8080/escm/images/icon14.gif,,5,DESKTOP-0LC5NKG
1488197166515,5,7 /escm/images/loading.gif,200,OK,Thread Group 1-1,bin,true,1019,1,1,http://10.10.3.16:8080/escm/images/loading.gif,,5,DESKTOP-0LC5NKG
1488197166522,5,3 /escm/images/search.png,200,OK,Thread Group 1-1,bin,true,3830,1,1,http://10.10.3.16:8080/escm/images/search.png,,5,DESKTOP-0LC5NKG
1488197166529,5,6 /escm/images/bb_ajax_loader.gif,200,OK,Thread Group 1-1,bin,true,3190,1,1,http://10.10.3.16:8080/escm/images/bb_ajax_loader.gif,,5,DESKTOP-0LC5NKG
1488197166538,5,4 /escm/images/reset.png,200,OK,Thread Group 1-1,bin,true,3931,1,1,http://10.10.3.16:8080/escm/images/reset.png,,5,DESKTOP-0LC5NKG
1488197166544,6,10 /escm/css/theme/images/ui-icons_blue_256x240.png,200,OK,Thread Group 1-1,bin,true,4847,1,1,http://10.10.3.16:8080/escm/css/theme/images/ui-icons_blue_256x240.png,,6,DESKTOP-0LC5NKG
1488197166552,14,8 /escm/customer/setSearchBy,200,OK,Thread Group 1-1,text,true,457,1,1,http://10.10.3.16:8080/escm/customer/setSearchBy,,13,DESKTOP-0LC5NKG
1488197166568,11,11 /escm/messages,200,OK,Thread Group 1-1,text,true,461,1,1,http://10.10.3.16:8080/escm/messages,,10,DESKTOP-0LC5NKG
1488197166581,330,9 /escm/customer/listByCriteria,200,OK,Thread Group 1-1,text,true,4180,1,1,http://10.10.3.16:8080/escm/customer/listByCriteria,,327,DESKTOP-0LC5NKG
1488197166913,6,13 /escm/images/organization-icon.png,200,OK,Thread Group 1-1,bin,true,917,1,1,http://10.10.3.16:8080/escm/images/organization-icon.png,,6,DESKTOP-0LC5NKG
1488197166921,7,14 /escm/images/next.png,200,OK,Thread Group 1-1,bin,true,16766,1,1,http://10.10.3.16:8080/escm/images/next.png,,6,DESKTOP-0LC5NKG
1488197166931,5,12 /escm/images/order_now.png,200,OK,Thread Group 1-1,bin,true,8595,1,1,http://10.10.3.16:8080/escm/images/order_now.png,,5,DESKTOP-0LC5NKG
1488197166939,6,12 /escm/images/Search_order.png,200,OK,Thread Group 1-1,bin,true,14161,1,1,http://10.10.3.16:8080/escm/images/Search_order.png,,5,DESKTOP-0LC5NKG
1488197166947,6,15 /escm/images/previous.png,200,OK,Thread Group 1-1,bin,true,16816,1,1,http://10.10.3.16:8080/escm/images/previous.png,,5,DESKTOP-0LC5NKG
1488197166956,514,16 /escm/customer/renderCustomerOrganizationDetails,200,OK,Thread Group 1-1,text,true,39692,1,1,http://10.10.3.16:8080/escm/customer/renderCustomerOrganizationDetails,,497,DESKTOP-0LC5NKG
1488197167473,4,17 /escm/images/not_onboarded.png,200,OK,Thread Group 1-1,bin,true,1437,1,1,http://10.10.3.16:8080/escm/images/not_onboarded.png,,4,DESKTOP-0LC5NKG
1488197167480,4,21 /escm/images/BC-TC_email.png,200,OK,Thread Group 1-1,bin,true,2128,1,1,http://10.10.3.16:8080/escm/images/BC-TC_email.png,,4,DESKTOP-0LC5NKG
1488197167487,7,18 /escm/images/onboarded.png,200,OK,Thread Group 1-1,bin,true,1372,1,1,http://10.10.3.16:8080/escm/images/onboarded.png,,7,DESKTOP-0LC5NKG
1488197167496,5,22 /escm/images/BC-TC_mobile.png,200,OK,Thread Group 1-1,bin,true,3918,1,1,http://10.10.3.16:8080/escm/images/BC-TC_mobile.png,,5,DESKTOP-0LC5NKG
1488197167503,5,25 /escm/images/cross.png,200,OK,Thread Group 1-1,bin,true,951,1,1,http://10.10.3.16:8080/escm/images/cross.png,,4,DESKTOP-0LC5NKG
1488197167509,5,24 /escm/images/delete.png,200,OK,Thread Group 1-1,bin,true,1683,1,1,http://10.10.3.16:8080/escm/images/delete.png,,5,DESKTOP-0LC5NKG
1488197167516,5,29 /escm/images/orderstatusicon/provisioningfailed.png,200,OK,Thread Group 1-1,bin,true,1561,1,1,http://10.10.3.16:8080/escm/images/orderstatusicon/provisioningfailed.png,,5,DESKTOP-0LC5NKG
1488197167523,5,28 /escm/images/tick.png,200,OK,Thread Group 1-1,bin,true,833,1,1,http://10.10.3.16:8080/escm/images/tick.png,,5,DESKTOP-0LC5NKG
1488197167530,5,20 /escm/images/BC-TC_name.png,200,OK,Thread Group 1-1,bin,true,2674,1,1,http://10.10.3.16:8080/escm/images/BC-TC_name.png,,5,DESKTOP-0LC5NKG
1488197167536,5,27 /escm/images/nw-user.png,200,OK,Thread Group 1-1,bin,true,1474,1,1,http://10.10.3.16:8080/escm/images/nw-user.png,,5,DESKTOP-0LC5NKG
1488197167543,5,30 /escm/css/theme/images/ui-icons_222222_256x240.png,200,OK,Thread Group 1-1,bin,true,4667,1,1,http://10.10.3.16:8080/escm/css/theme/images/ui-icons_222222_256x240.png,,5,DESKTOP-0LC5NKG
1488197167550,4,23 /escm/images/cross_new.png,200,OK,Thread Group 1-1,bin,true,1488,1,1,http://10.10.3.16:8080/escm/images/cross_new.png,,4,DESKTOP-0LC5NKG
1488197167556,5,26 /escm/images/nw-email.png,200,OK,Thread Group 1-1,bin,true,1573,1,1,http://10.10.3.16:8080/escm/images/nw-email.png,,4,DESKTOP-0LC5NKG
1488197167562,7,19 /escm/images/help.png,200,OK,Thread Group 1-1,bin,true,6946,1,1,http://10.10.3.16:8080/escm/images/help.png,,7,DESKTOP-0LC5NKG
1488197167570,10,31 /escm/messages,200,OK,Thread Group 1-1,text,true,461,1,1,http://10.10.3.16:8080/escm/messages,,10,DESKTOP-0LC5NKG
1488197167582,9,32 /escm/messages,200,OK,Thread Group 1-1,text,true,461,1,1,http://10.10.3.16:8080/escm/messages,,8,DESKTOP-0LC5NKG
1488197165970,1555,Organization Listing,200,"Number of samples in transaction : 32, number of failing samples : 0",Thread Group 1-1,,true,163472,1,1,null,,1004,DESKTOP-0LC5NKG
1488197167596,4,28 /escm/images/_loading.gif,304,Not Modified,Thread Group 1-1,,true,123,1,1,http://10.10.3.16:8080/escm/images/_loading.gif,,0,DESKTOP-0LC5NKG
1488197167602,501,29 /escm/customer/renderCustomerOrganizationDetails,200,OK,Thread Group 1-1,text,true,39276,1,1,http://10.10.3.16:8080/escm/customer/renderCustomerOrganizationDetails,,476,DESKTOP-0LC5NKG
1488197168106,4,32 /escm/images/BC-TC_email.png,304,Not Modified,Thread Group 1-1,,true,123,1,1,http://10.10.3.16:8080/escm/images/BC-TC_email.png,,0,DESKTOP-0LC5NKG
1488197168112,4,32 /escm/images/BC-TC_name.png,304,Not Modified,Thread Group 1-1,,true,123,1,1,http://10.10.3.16:8080/escm/images/BC-TC_name.png,,0,DESKTOP-0LC5NKG
1488197168119,4,35 /escm/images/cross_new.png,304,Not Modified,Thread Group 1-1,,true,123,1,1,http://10.10.3.16:8080/escm/images/cross_new.png,,0,DESKTOP-0LC5NKG
1488197168125,4,40 /escm/images/orderstatusicon/provisioningfailed.png,304,Not Modified,Thread Group 1-1,,true,123,1,1,http://10.10.3.16:8080/escm/images/orderstatusicon/provisioningfailed.png,,0,DESKTOP-0LC5NKG
1488197168132,4,38 /escm/images/nw-user.png,304,Not Modified,Thread Group 1-1,,true,123,1,1,http://10.10.3.16:8080/escm/images/nw-user.png,,0,DESKTOP-0LC5NKG
1488197168139,7,39 /escm/images/nw-email.png,304,Not Modified,Thread Group 1-1,,true,123,1,1,http://10.10.3.16:8080/escm/images/nw-email.png,,0,DESKTOP-0LC5NKG
1488197168149,4,37 /escm/images/cross.png,304,Not Modified,Thread Group 1-1,,true,122,1,1,http://10.10.3.16:8080/escm/images/cross.png,,0,DESKTOP-0LC5NKG
1488197168155,4,36 /escm/images/delete.png,304,Not Modified,Thread Group 1-1,,true,123,1,1,http://10.10.3.16:8080/escm/images/delete.png,,0,DESKTOP-0LC5NKG
1488197168161,3,31 /escm/images/not_onboarded.png,304,Not Modified,Thread Group 1-1,,true,123,1,1,http://10.10.3.16:8080/escm/images/not_onboarded.png,,0,DESKTOP-0LC5NKG
1488197168167,4,30 /escm/images/onboarded.png,304,Not Modified,Thread Group 1-1,,true,123,1,1,http://10.10.3.16:8080/escm/images/onboarded.png,,0,DESKTOP-0LC5NKG
1488197168172,4,41 /escm/images/tick.png,304,Not Modified,Thread Group 1-1,,true,122,1,1,http://10.10.3.16:8080/escm/images/tick.png,,0,DESKTOP-0LC5NKG
1488197168177,4,34 /escm/images/help.png,304,Not Modified,Thread Group 1-1,,true,123,1,1,http://10.10.3.16:8080/escm/images/help.png,,0,DESKTOP-0LC5NKG
1488197168182,3,33 /escm/images/BC-TC_mobile.png,304,Not Modified,Thread Group 1-1,,true,123,1,1,http://10.10.3.16:8080/escm/images/BC-TC_mobile.png,,0,DESKTOP-0LC5NKG
1488197168188,11,42 /escm/messages,200,OK,Thread Group 1-1,text,true,461,1,1,http://10.10.3.16:8080/escm/messages,,10,DESKTOP-0LC5NKG
1488197168200,4,43 /escm/images/icon14.gif,304,Not Modified,Thread Group 1-1,,true,122,1,1,http://10.10.3.16:8080/escm/images/icon14.gif,,0,DESKTOP-0LC5NKG
1488197168206,623,44 /escm/user/list,200,OK,Thread Group 1-1,text,true,12707,1,1,http://10.10.3.16:8080/escm/user/list,,619,DESKTOP-0LC5NKG
1488197168831,4,46 /escm/css/modern_ui/usageGraph/examples.css,304,Not Modified,Thread Group 1-1,,true,123,1,1,http://10.10.3.16:8080/escm/css/modern_ui/usageGraph/examples.css,,0,DESKTOP-0LC5NKG
1488197168838,4,48 /escm/css/tablesorter.css,304,Not Modified,Thread Group 1-1,,true,123,1,1,http://10.10.3.16:8080/escm/css/tablesorter.css,,0,DESKTOP-0LC5NKG
1488197168844,4,71 /escm/js/slideBlock.js,304,Not Modified,Thread Group 1-1,,true,123,1,1,http://10.10.3.16:8080/escm/js/slideBlock.js,,0,DESKTOP-0LC5NKG
1488197168851,4,75 /escm/js/jquery.slimscroll.min.js,304,Not Modified,Thread Group 1-1,,true,123,1,1,http://10.10.3.16:8080/escm/js/jquery.slimscroll.min.js,,0,DESKTOP-0LC5NKG
1488197168857,4,55 /escm/js/jquery-validate/additional-methods.min.js,304,Not Modified,Thread Group 1-1,,true,123,1,1,http://10.10.3.16:8080/escm/js/jquery-validate/additional-methods.min.js,,0,DESKTOP-0LC5NKG
1488197168864,5,69 /escm/js/main.js,304,Not Modified,Thread Group 1-1,,true,123,1,1,http://10.10.3.16:8080/escm/js/main.js,,0,DESKTOP-0LC5NKG
1488197168872,14,78 /escm/js/jquery.elastic.source.js,304,Not Modified,Thread Group 1-1,,true,123,1,1,http://10.10.3.16:8080/escm/js/jquery.elastic.source.js,,0,DESKTOP-0LC5NKG
1488197168888,7,72 /escm/js/MonthPicker.min.js,304,Not Modified,Thread Group 1-1,,true,124,1,1,http://10.10.3.16:8080/escm/js/MonthPicker.min.js,,0,DESKTOP-0LC5NKG
1488197168896,5,79 /escm/js/usageGraphJS/jqplot.canvasTextRenderer.min.js,304,Not Modified,Thread Group 1-1,,true,124,1,1,http://10.10.3.16:8080/escm/js/usageGraphJS/jqplot.canvasTextRenderer.min.js,,0,DESKTOP-0LC5NKG
1488197168902,4,77 /escm/js/usageGraphJS/excanvas.min.js,304,Not Modified,Thread Group 1-1,,true,124,1,1,http://10.10.3.16:8080/escm/js/usageGraphJS/excanvas.min.js,,0,DESKTOP-0LC5NKG
1488197168908,4,57 /escm/js/jquery.ba-dotimeout.min.js,304,Not Modified,Thread Group 1-1,,true,123,1,1,http://10.10.3.16:8080/escm/js/jquery.ba-dotimeout.min.js,,0,DESKTOP-0LC5NKG
1488197168913,4,65 /escm/js/jquery.qtip-1.0.0-rc3.min.js,304,Not Modified,Thread Group 1-1,,true,124,1,1,http://10.10.3.16:8080/escm/js/jquery.qtip-1.0.0-rc3.min.js,,0,DESKTOP-0LC5NKG
1488197168918,5,80 /escm/js/jquery.bpopup.min.js,304,Not Modified,Thread Group 1-1,,true,123,1,1,http://10.10.3.16:8080/escm/js/jquery.bpopup.min.js,,0,DESKTOP-0LC5NKG
1488197168925,4,81 /escm/js/placeholders.min.js,304,Not Modified,Thread Group 1-1,,true,123,1,1,http://10.10.3.16:8080/escm/js/placeholders.min.js,,0,DESKTOP-0LC5NKG
1488197168930,3,73 /escm/js/usageGraphJS/jqplot.dateAxisRenderer.min.js,304,Not Modified,Thread Group 1-1,,true,124,1,1,http://10.10.3.16:8080/escm/js/usageGraphJS/jqplot.dateAxisRenderer.min.js,,0,DESKTOP-0LC5NKG
1488197168934,5,51 /escm/css/merchant.css,304,Not Modified,Thread Group 1-1,,true,125,1,1,http://10.10.3.16:8080/escm/css/merchant.css,,0,DESKTOP-0LC5NKG
1488197168940,4,49 /escm/css/logintypedialog.css,304,Not Modified,Thread Group 1-1,,true,123,1,1,http://10.10.3.16:8080/escm/css/logintypedialog.css,,0,DESKTOP-0LC5NKG
1488197168945,3,68 /escm/css/modern_ui/jquery.multiselect.css,304,Not Modified,Thread Group 1-1,,true,123,1,1,http://10.10.3.16:8080/escm/css/modern_ui/jquery.multiselect.css,,0,DESKTOP-0LC5NKG
1488197168949,4,67 /escm/css/modern_ui/usageGraph/jquery.jqplot.css,304,Not Modified,Thread Group 1-1,,true,123,1,1,http://10.10.3.16:8080/escm/css/modern_ui/usageGraph/jquery.jqplot.css,,0,DESKTOP-0LC5NKG
1488197168954,3,61 /escm/js/jquery.tablesorter.js,304,Not Modified,Thread Group 1-1,,true,124,1,1,http://10.10.3.16:8080/escm/js/jquery.tablesorter.js,,0,DESKTOP-0LC5NKG
1488197168958,4,59 /escm/js/validator.js,304,Not Modified,Thread Group 1-1,,true,124,1,1,http://10.10.3.16:8080/escm/js/validator.js,,0,DESKTOP-0LC5NKG
1488197168963,4,50 /escm/css/jquery.ui.timepicker.css,304,Not Modified,Thread Group 1-1,,true,123,1,1,http://10.10.3.16:8080/escm/css/jquery.ui.timepicker.css,,0,DESKTOP-0LC5NKG
1488197168968,4,60 /escm/js/jquery-1.5.2.min.js,304,Not Modified,Thread Group 1-1,,true,125,1,1,http://10.10.3.16:8080/escm/js/jquery-1.5.2.min.js,,0,DESKTOP-0LC5NKG
1488197168974,4,52 /escm/css/jquery.alerts.css,304,Not Modified,Thread Group 1-1,,true,123,1,1,http://10.10.3.16:8080/escm/css/jquery.alerts.css,,0,DESKTOP-0LC5NKG
1488197168979,4,63 /escm/js/jquery-ui-1.8.17.custom.min.js,304,Not Modified,Thread Group 1-1,,true,125,1,1,http://10.10.3.16:8080/escm/js/jquery-ui-1.8.17.custom.min.js,,0,DESKTOP-0LC5NKG
1488197168985,3,64 /escm/js/jquery.blockUI.js,304,Not Modified,Thread Group 1-1,,true,124,1,1,http://10.10.3.16:8080/escm/js/jquery.blockUI.js,,0,DESKTOP-0LC5NKG
1488197168990,3,54 /escm/js/datatable.js,304,Not Modified,Thread Group 1-1,,true,123,1,1,http://10.10.3.16:8080/escm/js/datatable.js,,0,DESKTOP-0LC5NKG
1488197168994,3,56 /escm/js/jquery-validate/jquery.validate.min.js,304,Not Modified,Thread Group 1-1,,true,124,1,1,http://10.10.3.16:8080/escm/js/jquery-validate/jquery.validate.min.js,,0,DESKTOP-0LC5NKG
1488197168998,4,45 /escm/css/modern_ui/usageGraph/jquery.jqplot.min.css,304,Not Modified,Thread Group 1-1,,true,123,1,1,http://10.10.3.16:8080/escm/css/modern_ui/usageGraph/jquery.jqplot.min.css,,0,DESKTOP-0LC5NKG
1488197169005,4,58 /escm/js/jquery-validate/jquery.metadata.js,304,Not Modified,Thread Group 1-1,,true,123,1,1,http://10.10.3.16:8080/escm/js/jquery-validate/jquery.metadata.js,,0,DESKTOP-0LC5NKG
1488197169011,4,47 /escm/css/payment/jquery.tzCheckbox.css,304,Not Modified,Thread Group 1-1,,true,122,1,1,http://10.10.3.16:8080/escm/css/payment/jquery.tzCheckbox.css,,0,DESKTOP-0LC5NKG
1488197169017,4,53 /escm/js/clearinput.js,304,Not Modified,Thread Group 1-1,,true,123,1,1,http://10.10.3.16:8080/escm/js/clearinput.js,,0,DESKTOP-0LC5NKG
1488197169023,5,106 /escm/images/Activated.png,200,OK,Thread Group 1-1,bin,true,5660,1,1,http://10.10.3.16:8080/escm/images/Activated.png,,5,DESKTOP-0LC5NKG
1488197169030,5,103 /escm/images/goback-blue.png,200,OK,Thread Group 1-1,bin,true,1640,1,1,http://10.10.3.16:8080/escm/images/goback-blue.png,,5,DESKTOP-0LC5NKG
1488197169037,4,98 /escm/images/ticket/39x39ticket.png,304,Not Modified,Thread Group 1-1,,true,123,1,1,http://10.10.3.16:8080/escm/images/ticket/39x39ticket.png,,0,DESKTOP-0LC5NKG
1488197169042,6,105 /escm/images/plus.png,200,OK,Thread Group 1-1,bin,true,6497,1,1,http://10.10.3.16:8080/escm/images/plus.png,,6,DESKTOP-0LC5NKG
1488197169049,6,105 /escm/images/ADUser.gif,200,OK,Thread Group 1-1,bin,true,3463,1,1,http://10.10.3.16:8080/escm/images/ADUser.gif,,6,DESKTOP-0LC5NKG
1488197169056,4,97 /escm/images/settings.png,304,Not Modified,Thread Group 1-1,,true,123,1,1,http://10.10.3.16:8080/escm/images/settings.png,,0,DESKTOP-0LC5NKG
1488197169061,4,99 /escm/images/orders.png,304,Not Modified,Thread Group 1-1,,true,123,1,1,http://10.10.3.16:8080/escm/images/orders.png,,0,DESKTOP-0LC5NKG
1488197169066,4,94 /escm/images/search.png,304,Not Modified,Thread Group 1-1,,true,123,1,1,http://10.10.3.16:8080/escm/images/search.png,,0,DESKTOP-0LC5NKG
1488197169071,4,102 /escm/images/myAccount.png,304,Not Modified,Thread Group 1-1,,true,123,1,1,http://10.10.3.16:8080/escm/images/myAccount.png,,0,DESKTOP-0LC5NKG
1488197169076,4,95 /escm/css/modern_ui/images/dropDown.png,304,Not Modified,Thread Group 1-1,,true,123,1,1,http://10.10.3.16:8080/escm/css/modern_ui/images/dropDown.png,,0,DESKTOP-0LC5NKG
1488197169081,6,100 /escm/css/modern_ui/images/myCatalog.png,304,Not Modified,Thread Group 1-1,,true,123,1,1,http://10.10.3.16:8080/escm/css/modern_ui/images/myCatalog.png,,0,DESKTOP-0LC5NKG
1488197169088,4,101 /escm/css/modern_ui/images/myDashboard.png,304,Not Modified,Thread Group 1-1,,true,123,1,1,http://10.10.3.16:8080/escm/css/modern_ui/images/myDashboard.png,,0,DESKTOP-0LC5NKG
1488197169093,6,96 /escm/css/modern_ui/images/CP_login.png,304,Not Modified,Thread Group 1-1,,true,123,1,1,http://10.10.3.16:8080/escm/css/modern_ui/images/CP_login.png,,0,DESKTOP-0LC5NKG
1488197169100,6,93 /escm/images/order_actions/mui_order_retry_small.png,200,OK,Thread Group 1-1,bin,true,1879,1,1,http://10.10.3.16:8080/escm/images/order_actions/mui_order_retry_small.png,,6,DESKTOP-0LC5NKG
1488197169107,5,92 /escm/images/logo.png,200,OK,Thread Group 1-1,bin,true,8109,1,1,http://10.10.3.16:8080/escm/images/logo.png,,5,DESKTOP-0LC5NKG
1488197169114,3,90 /escm/js/payment/jquery.dataTables.js,304,Not Modified,Thread Group 1-1,,true,125,1,1,http://10.10.3.16:8080/escm/js/payment/jquery.dataTables.js,,0,DESKTOP-0LC5NKG
1488197169118,3,91 /escm/js/panels.js,304,Not Modified,Thread Group 1-1,,true,123,1,1,http://10.10.3.16:8080/escm/js/panels.js,,0,DESKTOP-0LC5NKG
1488197169123,3,85 /escm/js/usageGraphJS/jqplot.cursor.min.js,304,Not Modified,Thread Group 1-1,,true,124,1,1,http://10.10.3.16:8080/escm/js/usageGraphJS/jqplot.cursor.min.js,,0,DESKTOP-0LC5NKG
1488197169127,4,88 /escm/js/jquery.scrollToTop.min.js,304,Not Modified,Thread Group 1-1,,true,122,1,1,http://10.10.3.16:8080/escm/js/jquery.scrollToTop.min.js,,0,DESKTOP-0LC5NKG
1488197169132,3,89 /escm/js/payment/jquery.tzCheckbox.js,304,Not Modified,Thread Group 1-1,,true,123,1,1,http://10.10.3.16:8080/escm/js/payment/jquery.tzCheckbox.js,,0,DESKTOP-0LC5NKG
1488197169137,4,88 /escm/js/escm_alert.js,304,Not Modified,Thread Group 1-1,,true,123,1,1,http://10.10.3.16:8080/escm/js/escm_alert.js,,0,DESKTOP-0LC5NKG
1488197169143,3,86 /escm/js/usageGraphJS/jqplot.pointLabels.min.js,304,Not Modified,Thread Group 1-1,,true,123,1,1,http://10.10.3.16:8080/escm/js/usageGraphJS/jqplot.pointLabels.min.js,,0,DESKTOP-0LC5NKG
1488197169148,3,87 /escm/js/jquery.flexslider.js,304,Not Modified,Thread Group 1-1,,true,124,1,1,http://10.10.3.16:8080/escm/js/jquery.flexslider.js,,0,DESKTOP-0LC5NKG
1488197169153,3,83 /escm/js/usageGraphJS/jqplot.highlighter.min.js,304,Not Modified,Thread Group 1-1,,true,123,1,1,http://10.10.3.16:8080/escm/js/usageGraphJS/jqplot.highlighter.min.js,,0,DESKTOP-0LC5NKG
1488197169158,4,62 /escm/js/jquery.alerts.js,304,Not Modified,Thread Group 1-1,,true,123,1,1,http://10.10.3.16:8080/escm/js/jquery.alerts.js,,0,DESKTOP-0LC5NKG
1488197169164,3,76 /escm/js/jquery.ui.timepicker.js,304,Not Modified,Thread Group 1-1,,true,124,1,1,http://10.10.3.16:8080/escm/js/jquery.ui.timepicker.js,,0,DESKTOP-0LC5NKG
1488197169169,5,66 /escm/css/theme/jquery-ui-1.8.17.custom.css,304,Not Modified,Thread Group 1-1,,true,124,1,1,http://10.10.3.16:8080/escm/css/theme/jquery-ui-1.8.17.custom.css,,0,DESKTOP-0LC5NKG
1488197169176,3,82 /escm/js/jquery.leanModal.min.js,304,Not Modified,Thread Group 1-1,,true,123,1,1,http://10.10.3.16:8080/escm/js/jquery.leanModal.min.js,,0,DESKTOP-0LC5NKG
1488197169181,3,84 /escm/js/usageGraphJS/jqplot.enhancedLegendRenderer.min.js,304,Not Modified,Thread Group 1-1,,true,123,1,1,http://10.10.3.16:8080/escm/js/usageGraphJS/jqplot.enhancedLegendRenderer.min.js,,0,DESKTOP-0LC5NKG
1488197169185,4,70 /escm/js/usageGraphJS/jqplot.canvasAxisLabelRenderer.min.js,304,Not Modified,Thread Group 1-1,,true,123,1,1,http://10.10.3.16:8080/escm/js/usageGraphJS/jqplot.canvasAxisLabelRenderer.min.js,,0,DESKTOP-0LC5NKG
1488197169190,5,74 /escm/js/usageGraphJS/jquery.jqplot.min.js,304,Not Modified,Thread Group 1-1,,true,125,1,1,http://10.10.3.16:8080/escm/js/usageGraphJS/jquery.jqplot.min.js,,0,DESKTOP-0LC5NKG
1488197169196,4,84 /escm/js/usageGraphJS/jqplot.canvasAxisTickRenderer.min.js,304,Not Modified,Thread Group 1-1,,true,123,1,1,http://10.10.3.16:8080/escm/js/usageGraphJS/jqplot.canvasAxisTickRenderer.min.js,,0,DESKTOP-0LC5NKG
1488197169201,10,113 /escm/messages,200,OK,Thread Group 1-1,text,true,461,1,1,http://10.10.3.16:8080/escm/messages,,10,DESKTOP-0LC5NKG
1488197169213,6,112 /escm/images/icon34.gif,200,OK,Thread Group 1-1,bin,true,1207,1,1,http://10.10.3.16:8080/escm/images/icon34.gif,,6,DESKTOP-0LC5NKG
1488197169221,124,110 /escm/user/show,200,OK,Thread Group 1-1,text,true,5509,1,1,http://10.10.3.16:8080/escm/user/show,,122,DESKTOP-0LC5NKG
1488197169347,4,111 /escm/css/theme/images/ui-icons_ededed_256x240.png,304,Not Modified,Thread Group 1-1,,true,123,1,1,http://10.10.3.16:8080/escm/css/theme/images/ui-icons_ededed_256x240.png,,0,DESKTOP-0LC5NKG
1488197169354,3,108 /escm/images/previous.png,304,Not Modified,Thread Group 1-1,,true,124,1,1,http://10.10.3.16:8080/escm/images/previous.png,,0,DESKTOP-0LC5NKG
1488197169360,4,109 /escm/images/next.png,304,Not Modified,Thread Group 1-1,,true,124,1,1,http://10.10.3.16:8080/escm/images/next.png,,0,DESKTOP-0LC5NKG
1488197169367,7,107 /escm/images/bg-gradient.gif,200,OK,Thread Group 1-1,bin,true,461,1,1,http://10.10.3.16:8080/escm/images/bg-gradient.gif,,7,DESKTOP-0LC5NKG
1488197169377,34,114 /escm/images/favicon.ico,200,OK,Thread Group 1-1,bin,true,191359,1,1,http://10.10.3.16:8080/escm/images/favicon.ico,,10,DESKTOP-0LC5NKG
1488197167596,1660,List SP org users new 2,200,"Number of samples in transaction : 90, number of failing samples : 0",Thread Group 1-1,,true,288057,1,1,null,,1293,DESKTOP-0LC5NKG
1488197169415,109,66 /escm/user/show/4185,200,OK,Thread Group 1-1,text,true,5491,1,1,http://10.10.3.16:8080/escm/user/show/4185,,107,DESKTOP-0LC5NKG
1488197169526,4,67 /escm/css/theme/images/ui-icons_bbbbbb_256x240.png,200,OK,Thread Group 1-1,bin,true,5653,1,1,http://10.10.3.16:8080/escm/css/theme/images/ui-icons_bbbbbb_256x240.png,,4,DESKTOP-0LC5NKG
1488197169532,9,68 /escm/messages,200,OK,Thread Group 1-1,text,true,461,1,1,http://10.10.3.16:8080/escm/messages,,8,DESKTOP-0LC5NKG
1488197169415,122,View user details,200,"Number of samples in transaction : 3, number of failing samples : 0",Thread Group 1-1,,true,11605,1,1,null,,119,DESKTOP-0LC5NKG
