2017/02/20 13:18:50.076,1644,1 /escm/login/auth,200,OK,Thread Group 1-2,text,true,5226,3,3,1642
2017/02/20 13:18:51.139,603,1 /escm/login/auth,200,OK,Thread Group 1-3,text,true,5226,3,3,602
2017/02/20 13:18:49.803,1945,1 /escm/login/auth,200,OK,Thread Group 1-1,text,true,5226,3,3,1945
2017/02/20 13:18:51.744,10,4 /escmnull/css/merchant.css,404,Not Found,Thread Group 1-2,,false,109,3,3,10
2017/02/20 13:18:51.745,9,4 /escmnull/css/merchant.css,404,Not Found,Thread Group 1-3,,false,109,3,3,9
2017/02/20 13:18:51.751,11,4 /escmnull/css/merchant.css,404,Not Found,Thread Group 1-1,,false,109,3,3,11
2017/02/20 13:18:51.758,43,5 /escm/css/logintypedialog.css,200,OK,Thread Group 1-2,text,true,1287,3,3,41
2017/02/20 13:18:51.759,75,5 /escm/css/logintypedialog.css,200,OK,Thread Group 1-3,text,true,1287,3,3,72
2017/02/20 13:18:51.765,70,5 /escm/css/logintypedialog.css,200,OK,Thread Group 1-1,text,true,1287,3,3,46
2017/02/20 13:18:51.804,94,3 /escm/css/theme/jquery-ui-1.8.17.custom.css,200,OK,Thread Group 1-2,text,true,6664,3,3,85
2017/02/20 13:18:51.837,83,3 /escm/css/theme/jquery-ui-1.8.17.custom.css,200,OK,Thread Group 1-1,text,true,6664,3,3,74
2017/02/20 13:18:51.901,54,9 /escm/css/jquery.ui.timepicker.css,200,OK,Thread Group 1-2,text,true,2086,3,3,54
2017/02/20 13:18:51.923,39,9 /escm/css/jquery.ui.timepicker.css,200,OK,Thread Group 1-1,text,true,2086,3,3,39
2017/02/20 13:18:51.957,159,2 /escm/css/merchant.css,200,OK,Thread Group 1-2,text,true,64167,3,3,43
2017/02/20 13:18:52.119,38,6 /escm/css/jquery.alerts.css,200,OK,Thread Group 1-2,text,true,1235,4,4,36
2017/02/20 13:18:51.965,263,2 /escm/css/merchant.css,200,OK,Thread Group 1-1,text,true,64167,4,4,104
2017/02/20 13:18:51.836,410,3 /escm/css/theme/jquery-ui-1.8.17.custom.css,200,OK,Thread Group 1-3,text,true,6664,4,4,149
2017/02/20 13:18:52.248,17,9 /escm/css/jquery.ui.timepicker.css,200,OK,Thread Group 1-3,text,true,2086,4,4,17
2017/02/20 13:18:52.160,114,10 /escm/js/validator.js,200,OK,Thread Group 1-2,text,true,5286,4,4,108
2017/02/20 13:18:52.230,46,6 /escm/css/jquery.alerts.css,200,OK,Thread Group 1-1,text,true,1235,4,4,25
2017/02/20 13:18:52.276,159,7 /escm/js/jquery-1.5.2.min.js,200,OK,Thread Group 1-2,text,true,65186,4,4,60
2017/02/20 13:18:52.157,398,1 /escm/login/auth,200,OK,Thread Group 1-4,text,true,5226,4,4,388
2017/02/20 13:18:52.278,286,10 /escm/js/validator.js,200,OK,Thread Group 1-1,text,true,5286,4,4,152
2017/02/20 13:18:52.557,19,4 /escmnull/css/merchant.css,404,Not Found,Thread Group 1-4,,false,109,4,4,19
2017/02/20 13:18:52.578,57,5 /escm/css/logintypedialog.css,200,OK,Thread Group 1-4,text,true,1287,4,4,55
2017/02/20 13:18:52.638,60,3 /escm/css/theme/jquery-ui-1.8.17.custom.css,200,OK,Thread Group 1-4,text,true,6664,4,4,54
2017/02/20 13:18:52.708,20,9 /escm/css/jquery.ui.timepicker.css,200,OK,Thread Group 1-4,text,true,2086,4,4,20
2017/02/20 13:18:52.437,298,8 /escm/js/jquery-ui-1.8.17.custom.min.js,200,OK,Thread Group 1-2,text,true,53407,4,4,65
2017/02/20 13:18:52.566,223,7 /escm/js/jquery-1.5.2.min.js,200,OK,Thread Group 1-1,text,true,65186,4,4,40
2017/02/20 13:18:52.268,546,2 /escm/css/merchant.css,200,OK,Thread Group 1-3,text,true,64167,4,4,367
2017/02/20 13:18:52.736,81,12 /escm/js/jquery.bpopup.min.js,200,OK,Thread Group 1-2,text,true,2280,4,4,77
2017/02/20 13:18:52.816,12,6 /escm/css/jquery.alerts.css,200,OK,Thread Group 1-3,text,true,1235,4,4,10
2017/02/20 13:18:52.818,40,11 /escm/js/jquery.alerts.js,200,OK,Thread Group 1-2,text,true,2581,4,4,37
2017/02/20 13:18:52.829,47,10 /escm/js/validator.js,200,OK,Thread Group 1-3,text,true,5286,4,4,43
2017/02/20 13:18:52.730,149,2 /escm/css/merchant.css,200,OK,Thread Group 1-4,text,true,64167,4,4,37
2017/02/20 13:18:52.860,26,13 /escm/css/modern_ui/images/footer.png,200,OK,Thread Group 1-2,bin,true,3276,4,4,25
2017/02/20 13:18:52.881,18,6 /escm/css/jquery.alerts.css,200,OK,Thread Group 1-4,text,true,1235,4,4,17
2017/02/20 13:18:52.791,117,8 /escm/js/jquery-ui-1.8.17.custom.min.js,200,OK,Thread Group 1-1,text,true,53407,4,4,48
2017/02/20 13:18:52.887,46,15 /escm/images/add.jpg,200,OK,Thread Group 1-2,bin,true,28769,4,4,45
2017/02/20 13:18:52.900,49,10 /escm/js/validator.js,200,OK,Thread Group 1-4,text,true,5286,4,4,46
2017/02/20 13:18:52.910,41,12 /escm/js/jquery.bpopup.min.js,200,OK,Thread Group 1-1,text,true,2280,4,4,37
2017/02/20 13:18:52.953,17,11 /escm/js/jquery.alerts.js,200,OK,Thread Group 1-1,text,true,2581,4,4,17
2017/02/20 13:18:52.935,52,14 /escm/images/logo.png,200,OK,Thread Group 1-2,bin,true,8109,4,4,52
2017/02/20 13:18:50.059,2858,LoginPageRequest,,"Number of samples in transaction : 15, number of failing samples : 1",Thread Group 1-2,,false,249668,4,4,2380
2017/02/20 13:18:52.972,19,13 /escm/css/modern_ui/images/footer.png,200,OK,Thread Group 1-1,bin,true,3276,4,4,19
2017/02/20 13:18:52.993,7,15 /escm/images/add.jpg,200,OK,Thread Group 1-1,bin,true,28769,4,4,7
2017/02/20 13:18:52.878,123,7 /escm/js/jquery-1.5.2.min.js,200,OK,Thread Group 1-3,text,true,65186,4,4,38
2017/02/20 13:18:53.002,7,14 /escm/images/logo.png,200,OK,Thread Group 1-1,bin,true,8109,4,4,7
2017/02/20 13:18:49.052,3174,LoginPageRequest,,"Number of samples in transaction : 15, number of failing samples : 1",Thread Group 1-1,,false,249668,4,4,2571
2017/02/20 13:18:52.951,112,7 /escm/js/jquery-1.5.2.min.js,200,OK,Thread Group 1-4,text,true,65186,4,4,41
2017/02/20 13:18:53.004,83,8 /escm/js/jquery-ui-1.8.17.custom.min.js,200,OK,Thread Group 1-3,text,true,53407,4,4,27
2017/02/20 13:18:53.089,11,12 /escm/js/jquery.bpopup.min.js,200,OK,Thread Group 1-3,text,true,2280,4,4,8
2017/02/20 13:18:53.103,10,11 /escm/js/jquery.alerts.js,200,OK,Thread Group 1-3,text,true,2581,4,4,8
2017/02/20 13:18:53.115,15,13 /escm/css/modern_ui/images/footer.png,200,OK,Thread Group 1-3,bin,true,3276,4,4,15
2017/02/20 13:18:53.132,7,15 /escm/images/add.jpg,200,OK,Thread Group 1-3,bin,true,28769,4,4,7
2017/02/20 13:18:53.141,6,14 /escm/images/logo.png,200,OK,Thread Group 1-3,bin,true,8109,4,4,6
2017/02/20 13:18:51.122,1974,LoginPageRequest,,"Number of samples in transaction : 15, number of failing samples : 1",Thread Group 1-3,,false,249668,4,4,1378
2017/02/20 13:18:53.065,90,8 /escm/js/jquery-ui-1.8.17.custom.min.js,200,OK,Thread Group 1-4,text,true,53407,4,4,26
2017/02/20 13:18:53.157,9,12 /escm/js/jquery.bpopup.min.js,200,OK,Thread Group 1-4,text,true,2280,5,5,7
2017/02/20 13:18:53.168,12,11 /escm/js/jquery.alerts.js,200,OK,Thread Group 1-4,text,true,2581,5,5,9
2017/02/20 13:18:53.182,7,13 /escm/css/modern_ui/images/footer.png,200,OK,Thread Group 1-4,bin,true,3276,5,5,7
2017/02/20 13:18:53.191,7,15 /escm/images/add.jpg,200,OK,Thread Group 1-4,bin,true,28769,5,5,7
2017/02/20 13:18:53.200,7,14 /escm/images/logo.png,200,OK,Thread Group 1-4,bin,true,8109,5,5,7
2017/02/20 13:18:52.137,1014,LoginPageRequest,,"Number of samples in transaction : 15, number of failing samples : 1",Thread Group 1-4,,false,249668,5,5,740
2017/02/20 13:18:53.184,119,1 /escm/login/auth,200,OK,Thread Group 1-5,text,true,5226,5,5,114
2017/02/20 13:18:53.314,2,4 /escmnull/css/merchant.css,404,Not Found,Thread Group 1-5,,false,109,5,5,2
2017/02/20 13:18:53.318,10,5 /escm/css/logintypedialog.css,200,OK,Thread Group 1-5,text,true,1287,5,5,8
2017/02/20 13:18:53.329,16,3 /escm/css/theme/jquery-ui-1.8.17.custom.css,200,OK,Thread Group 1-5,text,true,6664,5,5,12
2017/02/20 13:18:53.347,10,9 /escm/css/jquery.ui.timepicker.css,200,OK,Thread Group 1-5,text,true,2086,5,5,9
2017/02/20 13:18:53.358,114,2 /escm/css/merchant.css,200,OK,Thread Group 1-5,text,true,64167,5,5,44
2017/02/20 13:18:53.474,8,6 /escm/css/jquery.alerts.css,200,OK,Thread Group 1-5,text,true,1235,5,5,7
2017/02/20 13:18:53.484,12,10 /escm/js/validator.js,200,OK,Thread Group 1-5,text,true,5286,5,5,8
2017/02/20 13:18:53.497,102,7 /escm/js/jquery-1.5.2.min.js,200,OK,Thread Group 1-5,text,true,65186,5,5,31
2017/02/20 13:18:53.601,79,8 /escm/js/jquery-ui-1.8.17.custom.min.js,200,OK,Thread Group 1-5,text,true,53407,5,5,24
2017/02/20 13:18:53.682,10,12 /escm/js/jquery.bpopup.min.js,200,OK,Thread Group 1-5,text,true,2280,5,5,7
2017/02/20 13:18:53.693,11,11 /escm/js/jquery.alerts.js,200,OK,Thread Group 1-5,text,true,2581,5,5,8
2017/02/20 13:18:53.706,7,13 /escm/css/modern_ui/images/footer.png,200,OK,Thread Group 1-5,bin,true,3276,5,5,7
2017/02/20 13:18:53.714,7,15 /escm/images/add.jpg,200,OK,Thread Group 1-5,bin,true,28769,5,5,6
2017/02/20 13:18:53.724,6,14 /escm/images/logo.png,200,OK,Thread Group 1-5,bin,true,8109,5,5,6
2017/02/20 13:18:53.166,513,LoginPageRequest,,"Number of samples in transaction : 15, number of failing samples : 1",Thread Group 1-5,,false,249668,5,5,293
2017/02/20 13:18:54.242,118,1 /escm/login/auth,200,OK,Thread Group 1-6,text,true,5226,6,6,112
2017/02/20 13:18:54.362,3,4 /escmnull/css/merchant.css,404,Not Found,Thread Group 1-6,,false,109,6,6,3
2017/02/20 13:18:54.366,25,5 /escm/css/logintypedialog.css,200,OK,Thread Group 1-6,text,true,1287,6,6,25
2017/02/20 13:18:54.403,15,3 /escm/css/theme/jquery-ui-1.8.17.custom.css,200,OK,Thread Group 1-6,text,true,6664,6,6,11
2017/02/20 13:18:54.420,8,9 /escm/css/jquery.ui.timepicker.css,200,OK,Thread Group 1-6,text,true,2086,6,6,8
2017/02/20 13:18:54.429,103,2 /escm/css/merchant.css,200,OK,Thread Group 1-6,text,true,64167,6,6,31
2017/02/20 13:18:54.534,9,6 /escm/css/jquery.alerts.css,200,OK,Thread Group 1-6,text,true,1235,6,6,8
2017/02/20 13:18:54.545,11,10 /escm/js/validator.js,200,OK,Thread Group 1-6,text,true,5286,6,6,8
2017/02/20 13:18:54.558,76,7 /escm/js/jquery-1.5.2.min.js,200,OK,Thread Group 1-6,text,true,65186,6,6,26
2017/02/20 13:18:54.636,69,8 /escm/js/jquery-ui-1.8.17.custom.min.js,200,OK,Thread Group 1-6,text,true,53407,6,6,24
2017/02/20 13:18:54.707,8,12 /escm/js/jquery.bpopup.min.js,200,OK,Thread Group 1-6,text,true,2280,6,6,7
2017/02/20 13:18:54.717,11,11 /escm/js/jquery.alerts.js,200,OK,Thread Group 1-6,text,true,2581,6,6,10
2017/02/20 13:18:54.729,7,13 /escm/css/modern_ui/images/footer.png,200,OK,Thread Group 1-6,bin,true,3276,6,6,7
2017/02/20 13:18:54.737,7,15 /escm/images/add.jpg,200,OK,Thread Group 1-6,bin,true,28769,6,6,7
2017/02/20 13:18:54.745,10,14 /escm/images/logo.png,200,OK,Thread Group 1-6,bin,true,8109,6,6,10
2017/02/20 13:18:54.224,480,LoginPageRequest,,"Number of samples in transaction : 15, number of failing samples : 1",Thread Group 1-6,,false,249668,6,6,297
2017/02/20 13:18:55.274,99,1 /escm/login/auth,200,OK,Thread Group 1-7,text,true,5226,7,7,94
2017/02/20 13:18:55.375,2,4 /escmnull/css/merchant.css,404,Not Found,Thread Group 1-7,,false,109,7,7,2
2017/02/20 13:18:55.378,10,5 /escm/css/logintypedialog.css,200,OK,Thread Group 1-7,text,true,1287,7,7,8
2017/02/20 13:18:55.389,16,3 /escm/css/theme/jquery-ui-1.8.17.custom.css,200,OK,Thread Group 1-7,text,true,6664,7,7,11
2017/02/20 13:18:55.407,6,9 /escm/css/jquery.ui.timepicker.css,200,OK,Thread Group 1-7,text,true,2086,7,7,6
2017/02/20 13:18:55.414,91,2 /escm/css/merchant.css,200,OK,Thread Group 1-7,text,true,64167,7,7,29
2017/02/20 13:18:55.507,7,6 /escm/css/jquery.alerts.css,200,OK,Thread Group 1-7,text,true,1235,7,7,6
2017/02/20 13:18:55.515,12,10 /escm/js/validator.js,200,OK,Thread Group 1-7,text,true,5286,7,7,9
2017/02/20 13:18:55.528,103,7 /escm/js/jquery-1.5.2.min.js,200,OK,Thread Group 1-7,text,true,65186,7,7,30
2017/02/20 13:18:55.632,68,8 /escm/js/jquery-ui-1.8.17.custom.min.js,200,OK,Thread Group 1-7,text,true,53407,7,7,27
2017/02/20 13:18:55.701,9,12 /escm/js/jquery.bpopup.min.js,200,OK,Thread Group 1-7,text,true,2280,7,7,8
2017/02/20 13:18:55.712,10,11 /escm/js/jquery.alerts.js,200,OK,Thread Group 1-7,text,true,2581,7,7,8
2017/02/20 13:18:55.724,6,13 /escm/css/modern_ui/images/footer.png,200,OK,Thread Group 1-7,bin,true,3276,7,7,6
2017/02/20 13:18:55.731,7,15 /escm/images/add.jpg,200,OK,Thread Group 1-7,bin,true,28769,7,7,7
2017/02/20 13:18:55.740,6,14 /escm/images/logo.png,200,OK,Thread Group 1-7,bin,true,8109,7,7,6
2017/02/20 13:18:55.256,452,LoginPageRequest,,"Number of samples in transaction : 15, number of failing samples : 1",Thread Group 1-7,,false,249668,7,7,257
2017/02/20 13:18:56.289,111,1 /escm/login/auth,200,OK,Thread Group 1-8,text,true,5226,8,8,106
2017/02/20 13:18:56.402,2,4 /escmnull/css/merchant.css,404,Not Found,Thread Group 1-8,,false,109,8,8,2
2017/02/20 13:18:56.405,7,5 /escm/css/logintypedialog.css,200,OK,Thread Group 1-8,text,true,1287,8,8,6
2017/02/20 13:18:56.414,15,3 /escm/css/theme/jquery-ui-1.8.17.custom.css,200,OK,Thread Group 1-8,text,true,6664,8,8,11
2017/02/20 13:18:56.431,5,9 /escm/css/jquery.ui.timepicker.css,200,OK,Thread Group 1-8,text,true,2086,8,8,5
2017/02/20 13:18:56.437,89,2 /escm/css/merchant.css,200,OK,Thread Group 1-8,text,true,64167,8,8,28
2017/02/20 13:18:56.527,8,6 /escm/css/jquery.alerts.css,200,OK,Thread Group 1-8,text,true,1235,8,8,7
2017/02/20 13:18:56.536,11,10 /escm/js/validator.js,200,OK,Thread Group 1-8,text,true,5286,8,8,8
2017/02/20 13:18:56.548,93,7 /escm/js/jquery-1.5.2.min.js,200,OK,Thread Group 1-8,text,true,65186,8,8,30
2017/02/20 13:18:56.642,67,8 /escm/js/jquery-ui-1.8.17.custom.min.js,200,OK,Thread Group 1-8,text,true,53407,8,8,27
2017/02/20 13:18:56.710,16,12 /escm/js/jquery.bpopup.min.js,200,OK,Thread Group 1-8,text,true,2280,8,8,8
2017/02/20 13:18:56.728,7,11 /escm/js/jquery.alerts.js,200,OK,Thread Group 1-8,text,true,2581,8,8,6
2017/02/20 13:18:56.736,6,13 /escm/css/modern_ui/images/footer.png,200,OK,Thread Group 1-8,bin,true,3276,8,8,6
2017/02/20 13:18:56.743,7,15 /escm/images/add.jpg,200,OK,Thread Group 1-8,bin,true,28769,8,8,6
2017/02/20 13:18:56.751,6,14 /escm/images/logo.png,200,OK,Thread Group 1-8,bin,true,8109,8,8,6
2017/02/20 13:18:56.273,450,LoginPageRequest,,"Number of samples in transaction : 15, number of failing samples : 1",Thread Group 1-8,,false,249668,8,8,262
2017/02/20 13:18:57.319,317,1 /escm/login/auth,200,OK,Thread Group 1-9,text,true,5226,9,9,314
2017/02/20 13:18:57.637,3,4 /escmnull/css/merchant.css,404,Not Found,Thread Group 1-9,,false,109,9,9,3
2017/02/20 13:18:57.641,8,5 /escm/css/logintypedialog.css,200,OK,Thread Group 1-9,text,true,1287,9,9,7
2017/02/20 13:18:57.650,13,3 /escm/css/theme/jquery-ui-1.8.17.custom.css,200,OK,Thread Group 1-9,text,true,6664,9,9,11
2017/02/20 13:18:57.665,8,9 /escm/css/jquery.ui.timepicker.css,200,OK,Thread Group 1-9,text,true,2086,9,9,8
2017/02/20 13:18:57.674,106,2 /escm/css/merchant.css,200,OK,Thread Group 1-9,text,true,64167,9,9,34
2017/02/20 13:18:57.781,9,6 /escm/css/jquery.alerts.css,200,OK,Thread Group 1-9,text,true,1235,9,9,8
2017/02/20 13:18:57.791,12,10 /escm/js/validator.js,200,OK,Thread Group 1-9,text,true,5286,9,9,9
2017/02/20 13:18:57.805,79,7 /escm/js/jquery-1.5.2.min.js,200,OK,Thread Group 1-9,text,true,65186,9,9,27
2017/02/20 13:18:57.886,48,8 /escm/js/jquery-ui-1.8.17.custom.min.js,200,OK,Thread Group 1-9,text,true,53407,9,9,23
2017/02/20 13:18:57.935,8,12 /escm/js/jquery.bpopup.min.js,200,OK,Thread Group 1-9,text,true,2280,9,9,7
2017/02/20 13:18:57.944,9,11 /escm/js/jquery.alerts.js,200,OK,Thread Group 1-9,text,true,2581,9,9,8
2017/02/20 13:18:57.954,6,13 /escm/css/modern_ui/images/footer.png,200,OK,Thread Group 1-9,bin,true,3276,9,9,6
2017/02/20 13:18:57.962,6,15 /escm/images/add.jpg,200,OK,Thread Group 1-9,bin,true,28769,9,9,6
2017/02/20 13:18:57.969,6,14 /escm/images/logo.png,200,OK,Thread Group 1-9,bin,true,8109,9,9,6
2017/02/20 13:18:57.303,638,LoginPageRequest,,"Number of samples in transaction : 15, number of failing samples : 1",Thread Group 1-9,,false,249668,9,9,477
2017/02/20 13:18:58.334,101,1 /escm/login/auth,200,OK,Thread Group 1-10,text,true,5226,10,10,99
2017/02/20 13:18:58.437,2,4 /escmnull/css/merchant.css,404,Not Found,Thread Group 1-10,,false,109,10,10,2
2017/02/20 13:18:58.440,7,5 /escm/css/logintypedialog.css,200,OK,Thread Group 1-10,text,true,1287,10,10,6
2017/02/20 13:18:58.448,15,3 /escm/css/theme/jquery-ui-1.8.17.custom.css,200,OK,Thread Group 1-10,text,true,6664,10,10,12
2017/02/20 13:18:58.464,7,9 /escm/css/jquery.ui.timepicker.css,200,OK,Thread Group 1-10,text,true,2086,10,10,7
2017/02/20 13:18:58.472,73,2 /escm/css/merchant.css,200,OK,Thread Group 1-10,text,true,64167,10,10,33
2017/02/20 13:18:58.546,18,6 /escm/css/jquery.alerts.css,200,OK,Thread Group 1-10,text,true,1235,10,10,18
2017/02/20 13:18:58.565,15,10 /escm/js/validator.js,200,OK,Thread Group 1-10,text,true,5286,10,10,11
2017/02/20 13:18:58.581,73,7 /escm/js/jquery-1.5.2.min.js,200,OK,Thread Group 1-10,text,true,65186,10,10,30
2017/02/20 13:18:58.656,48,8 /escm/js/jquery-ui-1.8.17.custom.min.js,200,OK,Thread Group 1-10,text,true,53407,10,10,22
2017/02/20 13:18:58.705,9,12 /escm/js/jquery.bpopup.min.js,200,OK,Thread Group 1-10,text,true,2280,10,10,8
2017/02/20 13:18:58.715,8,11 /escm/js/jquery.alerts.js,200,OK,Thread Group 1-10,text,true,2581,10,10,7
2017/02/20 13:18:58.724,7,13 /escm/css/modern_ui/images/footer.png,200,OK,Thread Group 1-10,bin,true,3276,10,10,7
2017/02/20 13:18:58.732,6,15 /escm/images/add.jpg,200,OK,Thread Group 1-10,bin,true,28769,10,10,6
2017/02/20 13:18:58.740,5,14 /escm/images/logo.png,200,OK,Thread Group 1-10,bin,true,8109,10,10,5
2017/02/20 13:18:58.318,394,LoginPageRequest,,"Number of samples in transaction : 15, number of failing samples : 1",Thread Group 1-10,,false,249668,10,10,273
2017/02/20 13:18:58.748,148721,16 /escm/login/doAuth?id=loginform,200,OK,Thread Group 1-10,text,true,13904,10,10,4139
2017/02/20 13:18:58.750,148721,16 /escm/login/doAuth?id=loginform,200,OK,Thread Group 1-5,text,true,13904,10,10,3986
2017/02/20 13:21:27.473,28,23 /escm/js/usageGraphJS/jqplot.canvasAxisLabelRenderer.min.js,200,OK,Thread Group 1-5,text,true,1301,10,10,27
2017/02/20 13:21:27.503,28,22 /escm/css/modern_ui/jquery.multiselect.css,200,OK,Thread Group 1-5,text,true,2234,10,10,28
2017/02/20 13:21:27.532,38,21 /escm/css/modern_ui/usageGraph/jquery.jqplot.min.css,200,OK,Thread Group 1-5,text,true,1323,10,10,36
2017/02/20 13:21:27.571,31,29 /escm/css/modern_ui/js/jquery.blockUI.js,200,OK,Thread Group 1-5,text,true,6159,10,10,30
2017/02/20 13:21:27.471,140,23 /escm/js/usageGraphJS/jqplot.canvasAxisLabelRenderer.min.js,200,OK,Thread Group 1-10,text,true,1301,10,10,140
2017/02/20 13:21:27.603,14,25 /escm/css/modern_ui/jquery.alerts.css,200,OK,Thread Group 1-5,text,true,1235,10,10,13
2017/02/20 13:21:27.613,8,22 /escm/css/modern_ui/jquery.multiselect.css,200,OK,Thread Group 1-10,text,true,2234,10,10,8
2017/02/20 13:21:27.618,28,27 /escm/css/modern_ui/usageGraph/jquery.jqplot.css,200,OK,Thread Group 1-5,text,true,1865,10,10,27
2017/02/20 13:21:27.622,39,21 /escm/css/modern_ui/usageGraph/jquery.jqplot.min.css,200,OK,Thread Group 1-10,text,true,1323,10,10,35
2017/02/20 13:21:27.662,23,29 /escm/css/modern_ui/js/jquery.blockUI.js,200,OK,Thread Group 1-10,text,true,6159,10,10,22
2017/02/20 13:21:27.648,43,26 /escm/css/modern_ui/js/jquery.tablesorter.js,200,OK,Thread Group 1-5,text,true,8739,10,10,42
2017/02/20 13:21:27.686,36,25 /escm/css/modern_ui/jquery.alerts.css,200,OK,Thread Group 1-10,text,true,1235,10,10,34
2017/02/20 13:21:27.693,36,24 /escm/css/modern_ui/tablesorter.css,200,OK,Thread Group 1-5,text,true,2313,10,10,36
2017/02/20 13:21:27.723,11,27 /escm/css/modern_ui/usageGraph/jquery.jqplot.css,200,OK,Thread Group 1-10,text,true,1865,10,10,10
2017/02/20 13:21:27.736,70,26 /escm/css/modern_ui/js/jquery.tablesorter.js,200,OK,Thread Group 1-10,text,true,8739,10,10,58
2017/02/20 13:21:27.808,64,24 /escm/css/modern_ui/tablesorter.css,200,OK,Thread Group 1-10,text,true,2313,10,10,64
2017/02/20 13:21:27.730,161,58 /escm/js/jquery.scrollToTop.min.js,200,OK,Thread Group 1-5,text,true,774,10,10,161
2017/02/20 13:21:27.874,22,58 /escm/js/jquery.scrollToTop.min.js,200,OK,Thread Group 1-10,text,true,774,10,10,21
2017/02/20 13:21:27.893,18,51 /escm/js/usageGraphJS/jqplot.highlighter.min.js,200,OK,Thread Group 1-5,text,true,2518,10,10,16
2017/02/20 13:21:27.897,26,51 /escm/js/usageGraphJS/jqplot.highlighter.min.js,200,OK,Thread Group 1-10,text,true,2518,10,10,25
2017/02/20 13:21:27.913,79,48 /escm/css/payment/jquery.tzCheckbox.css,200,OK,Thread Group 1-5,text,true,1130,10,10,79
2017/02/20 13:21:27.925,82,48 /escm/css/payment/jquery.tzCheckbox.css,200,OK,Thread Group 1-10,text,true,1130,10,10,81
2017/02/20 13:21:28.008,85,44 /escm/css/modern_ui/js/validator.js,200,OK,Thread Group 1-10,text,true,4646,10,10,77
2017/02/20 13:21:27.994,114,44 /escm/css/modern_ui/js/validator.js,200,OK,Thread Group 1-5,text,true,4646,10,10,104
2017/02/20 13:21:28.110,41,59 /escm/js/payment/jquery.tzCheckbox.js,200,OK,Thread Group 1-5,text,true,1635,10,10,41
2017/02/20 13:21:28.153,18,31 /escm/css/modern_ui/theme/jquery-ui-1.8.17.custom.css,200,OK,Thread Group 1-5,text,true,6581,10,10,16
2017/02/20 13:21:28.095,121,59 /escm/js/payment/jquery.tzCheckbox.js,200,OK,Thread Group 1-10,text,true,1635,10,10,121
2017/02/20 13:21:28.172,413,60 /escm/js/panels.js,200,OK,Thread Group 1-5,text,true,2221,10,10,412
2017/02/20 13:21:28.587,39,36 /escm/css/modern_ui/js/jquery.multiselect.min.js,200,OK,Thread Group 1-5,text,true,3981,10,10,38
2017/02/20 13:21:28.628,41,34 /escm/js/usageGraphJS/jqplot.canvasAxisTickRenderer.min.js,200,OK,Thread Group 1-5,text,true,1465,10,10,34
2017/02/20 13:21:28.670,61,39 /escm/js/placeholders.min.js,200,OK,Thread Group 1-5,text,true,1967,10,10,61
2017/02/20 13:21:28.218,520,31 /escm/css/modern_ui/theme/jquery-ui-1.8.17.custom.css,200,OK,Thread Group 1-10,text,true,6581,10,10,439
2017/02/20 13:21:28.733,105,38 /escm/js/usageGraphJS/excanvas.min.js,200,OK,Thread Group 1-5,text,true,8168,10,10,76
2017/02/20 13:21:28.739,100,60 /escm/js/panels.js,200,OK,Thread Group 1-10,text,true,2221,10,10,93
2017/02/20 13:21:28.840,56,57 /escm/js/escm_alert.js,200,OK,Thread Group 1-5,text,true,2139,10,10,56
2017/02/20 13:21:28.841,76,36 /escm/css/modern_ui/js/jquery.multiselect.min.js,200,OK,Thread Group 1-10,text,true,3981,10,10,74
2017/02/20 13:21:28.898,27,45 /escm/css/modern_ui/js/clearinput.js,200,OK,Thread Group 1-5,text,true,1200,10,10,26
2017/02/20 13:21:28.919,14,34 /escm/js/usageGraphJS/jqplot.canvasAxisTickRenderer.min.js,200,OK,Thread Group 1-10,text,true,1465,10,10,12
2017/02/20 13:18:58.752,150184,16 /escm/login/doAuth?id=loginform,200,OK,Thread Group 1-9,text,true,13904,10,10,3871
2017/02/20 13:21:28.927,13,46 /escm/css/modern_ui/js/jquery-validate/jquery.metadata.js,200,OK,Thread Group 1-5,text,true,1939,10,10,12
2017/02/20 13:21:28.935,7,39 /escm/js/placeholders.min.js,200,OK,Thread Group 1-10,text,true,1967,10,10,7
2017/02/20 13:21:28.941,18,37 /escm/css/modern_ui/js/jquery.bpopup.min.js,200,OK,Thread Group 1-5,text,true,2280,10,10,18
2017/02/20 13:21:28.938,24,23 /escm/js/usageGraphJS/jqplot.canvasAxisLabelRenderer.min.js,200,OK,Thread Group 1-9,text,true,1301,10,10,24
2017/02/20 13:21:28.960,7,33 /escm/css/modern_ui/js/slideBlock.js,200,OK,Thread Group 1-5,text,true,1162,10,10,7
2017/02/20 13:21:28.944,24,38 /escm/js/usageGraphJS/excanvas.min.js,200,OK,Thread Group 1-10,text,true,8168,10,10,22
2017/02/20 13:21:28.963,10,22 /escm/css/modern_ui/jquery.multiselect.css,200,OK,Thread Group 1-9,text,true,2234,10,10,10
2017/02/20 13:21:28.970,9,57 /escm/js/escm_alert.js,200,OK,Thread Group 1-10,text,true,2139,10,10,8
2017/02/20 13:21:28.981,6,45 /escm/css/modern_ui/js/clearinput.js,200,OK,Thread Group 1-10,text,true,1200,10,10,4
2017/02/20 13:21:28.969,59,54 /escm/js/usageGraphJS/jqplot.cursor.min.js,200,OK,Thread Group 1-5,text,true,5710,10,10,58
2017/02/20 13:21:28.988,47,46 /escm/css/modern_ui/js/jquery-validate/jquery.metadata.js,200,OK,Thread Group 1-10,text,true,1939,10,10,45
2017/02/20 13:21:28.974,65,21 /escm/css/modern_ui/usageGraph/jquery.jqplot.min.css,200,OK,Thread Group 1-9,text,true,1323,10,10,63
2017/02/20 13:21:29.036,40,37 /escm/css/modern_ui/js/jquery.bpopup.min.js,200,OK,Thread Group 1-10,text,true,2280,10,10,38
2017/02/20 13:21:29.030,53,42 /escm/css/modern_ui/js/jquery.alerts.js,200,OK,Thread Group 1-5,text,true,2628,10,10,52
2017/02/20 13:21:29.041,50,29 /escm/css/modern_ui/js/jquery.blockUI.js,200,OK,Thread Group 1-9,text,true,6159,10,10,48
2017/02/20 13:21:29.084,13,41 /escm/css/modern_ui/js/datatable.js,200,OK,Thread Group 1-5,text,true,1607,10,10,13
2017/02/20 13:21:29.093,18,25 /escm/css/modern_ui/jquery.alerts.css,200,OK,Thread Group 1-9,text,true,1235,10,10,15
2017/02/20 13:21:29.098,71,28 /escm/css/modern_ui/js/jquery.qtip-1.0.0-rc3.min.js,200,OK,Thread Group 1-5,text,true,10015,10,10,62
2017/02/20 13:21:29.113,122,27 /escm/css/modern_ui/usageGraph/jquery.jqplot.css,200,OK,Thread Group 1-9,text,true,1865,10,10,118
2017/02/20 13:21:29.171,92,35 /escm/css/modern_ui/usageGraph/examples.css,200,OK,Thread Group 1-5,text,true,1596,10,10,90
2017/02/20 13:21:29.077,200,33 /escm/css/modern_ui/js/slideBlock.js,200,OK,Thread Group 1-10,text,true,1162,10,10,196
2017/02/20 13:21:29.237,47,26 /escm/css/modern_ui/js/jquery.tablesorter.js,200,OK,Thread Group 1-9,text,true,8739,10,10,45
2017/02/20 13:21:29.279,18,54 /escm/js/usageGraphJS/jqplot.cursor.min.js,200,OK,Thread Group 1-10,text,true,5710,10,10,13
2017/02/20 13:21:29.286,24,24 /escm/css/modern_ui/tablesorter.css,200,OK,Thread Group 1-9,text,true,2313,10,10,24
2017/02/20 13:21:29.298,53,42 /escm/css/modern_ui/js/jquery.alerts.js,200,OK,Thread Group 1-10,text,true,2628,10,10,52
2017/02/20 13:21:29.312,46,58 /escm/js/jquery.scrollToTop.min.js,200,OK,Thread Group 1-9,text,true,774,10,10,46
2017/02/20 13:21:29.352,15,41 /escm/css/modern_ui/js/datatable.js,200,OK,Thread Group 1-10,text,true,1607,10,10,15
2017/02/20 13:21:29.264,109,47 /escm/css/modern_ui/js/main.js,200,OK,Thread Group 1-5,text,true,2967,10,10,98
2017/02/20 13:21:29.360,20,51 /escm/js/usageGraphJS/jqplot.highlighter.min.js,200,OK,Thread Group 1-9,text,true,2518,10,10,19
2017/02/20 13:21:29.369,24,28 /escm/css/modern_ui/js/jquery.qtip-1.0.0-rc3.min.js,200,OK,Thread Group 1-10,text,true,10015,10,10,22
2017/02/20 13:21:29.382,25,48 /escm/css/payment/jquery.tzCheckbox.css,200,OK,Thread Group 1-9,text,true,1130,10,10,25
2017/02/20 13:21:29.374,46,30 /escm/css/modern_ui/js/jquery-ui-1.8.17.custom.min.js,200,OK,Thread Group 1-5,text,true,53407,10,10,24
2017/02/20 13:21:29.394,36,35 /escm/css/modern_ui/usageGraph/examples.css,200,OK,Thread Group 1-10,text,true,1596,10,10,36
2017/02/20 13:21:29.408,47,44 /escm/css/modern_ui/js/validator.js,200,OK,Thread Group 1-9,text,true,4646,10,10,41
2017/02/20 13:21:29.422,38,53 /escm/js/usageGraphJS/jqplot.canvasTextRenderer.min.js,200,OK,Thread Group 1-5,text,true,4130,10,10,37
2017/02/20 13:21:29.456,8,59 /escm/js/payment/jquery.tzCheckbox.js,200,OK,Thread Group 1-9,text,true,1635,10,10,8
2017/02/20 13:21:29.461,10,55 /escm/js/usageGraphJS/jqplot.pointLabels.min.js,200,OK,Thread Group 1-5,text,true,1988,10,10,9
2017/02/20 13:21:29.431,52,47 /escm/css/modern_ui/js/main.js,200,OK,Thread Group 1-10,text,true,2967,10,10,41
2017/02/20 13:21:29.473,42,49 /escm/js/usageGraphJS/jquery.jqplot.min.js,200,OK,Thread Group 1-5,text,true,43049,10,10,25
2017/02/20 13:21:29.466,56,31 /escm/css/modern_ui/theme/jquery-ui-1.8.17.custom.css,200,OK,Thread Group 1-9,text,true,6581,10,10,55
2017/02/20 13:21:29.516,14,40 /escm/js/usageGraphJS/jqplot.dateAxisRenderer.min.js,200,OK,Thread Group 1-5,text,true,3191,10,10,13
2017/02/20 13:21:29.523,13,60 /escm/js/panels.js,200,OK,Thread Group 1-9,text,true,2221,10,10,10
2017/02/20 13:21:29.531,10,52 /escm/js/usageGraphJS/jqplot.enhancedLegendRenderer.min.js,200,OK,Thread Group 1-5,text,true,2017,10,10,9
2017/02/20 13:21:29.538,22,36 /escm/css/modern_ui/js/jquery.multiselect.min.js,200,OK,Thread Group 1-9,text,true,3981,10,10,20
2017/02/20 13:21:29.562,30,34 /escm/js/usageGraphJS/jqplot.canvasAxisTickRenderer.min.js,200,OK,Thread Group 1-9,text,true,1465,10,10,30
2017/02/20 13:21:29.542,60,43 /escm/css/modern_ui/js/jquery-validate/jquery.validate.min.js,200,OK,Thread Group 1-5,text,true,6824,10,10,58
2017/02/20 13:21:29.594,14,39 /escm/js/placeholders.min.js,200,OK,Thread Group 1-9,text,true,1967,10,10,13
2017/02/20 13:21:29.603,12,32 /escm/css/modern_ui/js/jquery-validate/additional-methods.min.js,200,OK,Thread Group 1-5,text,true,2753,10,10,10
2017/02/20 13:21:29.609,14,38 /escm/js/usageGraphJS/excanvas.min.js,200,OK,Thread Group 1-9,text,true,8168,10,10,13
2017/02/20 13:21:29.616,63,20 /escm/css/modern_ui/organization.css,200,OK,Thread Group 1-5,text,true,52718,10,10,36
2017/02/20 13:21:29.625,59,57 /escm/js/escm_alert.js,200,OK,Thread Group 1-9,text,true,2139,10,10,58
2017/02/20 13:21:29.681,8,71 /escm/css/modern_ui/images/shoppingCart.png,200,OK,Thread Group 1-5,bin,true,1403,10,10,8
2017/02/20 13:21:29.685,9,45 /escm/css/modern_ui/js/clearinput.js,200,OK,Thread Group 1-9,text,true,1200,10,10,9
2017/02/20 13:21:29.691,23,68 /escm/images/info12.png,200,OK,Thread Group 1-5,bin,true,5903,10,10,23
2017/02/20 13:21:29.696,23,46 /escm/css/modern_ui/js/jquery-validate/jquery.metadata.js,200,OK,Thread Group 1-9,text,true,1939,10,10,22
2017/02/20 13:21:29.716,8,69 /escm/css/modern_ui/images/dropDown.png,200,OK,Thread Group 1-5,bin,true,5895,10,10,8
2017/02/20 13:21:29.484,261,30 /escm/css/modern_ui/js/jquery-ui-1.8.17.custom.min.js,200,OK,Thread Group 1-10,text,true,53407,10,10,220
2017/02/20 13:21:29.721,31,37 /escm/css/modern_ui/js/jquery.bpopup.min.js,200,OK,Thread Group 1-9,text,true,2280,10,10,31
2017/02/20 13:21:29.726,30,70 /escm/css/modern_ui/images/exchange_server.jpg,200,OK,Thread Group 1-5,bin,true,14899,10,10,29
2017/02/20 13:21:29.754,9,33 /escm/css/modern_ui/js/slideBlock.js,200,OK,Thread Group 1-9,text,true,1162,10,10,6
2017/02/20 13:21:29.757,13,67 /escm/css/modern_ui/images/search.png,200,OK,Thread Group 1-5,bin,true,3830,10,10,13
2017/02/20 13:21:29.772,25,66 /escm/css/modern_ui/images/CP_login.png,200,OK,Thread Group 1-5,bin,true,6465,10,10,25
2017/02/20 13:21:29.764,35,54 /escm/js/usageGraphJS/jqplot.cursor.min.js,200,OK,Thread Group 1-9,text,true,5710,10,10,29
2017/02/20 13:21:29.747,63,53 /escm/js/usageGraphJS/jqplot.canvasTextRenderer.min.js,200,OK,Thread Group 1-10,text,true,4130,10,10,61
2017/02/20 13:21:29.800,17,42 /escm/css/modern_ui/js/jquery.alerts.js,200,OK,Thread Group 1-9,text,true,2628,10,10,16
2017/02/20 13:21:29.799,19,63 /escm/css/modern_ui/images/logo.png,200,OK,Thread Group 1-5,bin,true,8109,10,10,19
2017/02/20 13:21:29.819,11,41 /escm/css/modern_ui/js/datatable.js,200,OK,Thread Group 1-9,text,true,1607,10,10,11
2017/02/20 13:21:29.811,25,55 /escm/js/usageGraphJS/jqplot.pointLabels.min.js,200,OK,Thread Group 1-10,text,true,1988,10,10,23
2017/02/20 13:21:29.837,40,49 /escm/js/usageGraphJS/jquery.jqplot.min.js,200,OK,Thread Group 1-10,text,true,43049,10,10,23
2017/02/20 13:21:29.831,49,28 /escm/css/modern_ui/js/jquery.qtip-1.0.0-rc3.min.js,200,OK,Thread Group 1-9,text,true,10015,10,10,48
2017/02/20 13:21:29.878,15,40 /escm/js/usageGraphJS/jqplot.dateAxisRenderer.min.js,200,OK,Thread Group 1-10,text,true,3191,10,10,13
2017/02/20 13:21:29.882,23,35 /escm/css/modern_ui/usageGraph/examples.css,200,OK,Thread Group 1-9,text,true,1596,10,10,16
2017/02/20 13:21:29.894,17,52 /escm/js/usageGraphJS/jqplot.enhancedLegendRenderer.min.js,200,OK,Thread Group 1-10,text,true,2017,10,10,16
2017/02/20 13:21:29.819,100,65 /escm/css/modern_ui/images/myAccount.png,200,OK,Thread Group 1-5,bin,true,13097,10,10,100
2017/02/20 13:21:29.913,18,43 /escm/css/modern_ui/js/jquery-validate/jquery.validate.min.js,200,OK,Thread Group 1-10,text,true,6824,10,10,16
2017/02/20 13:21:29.906,27,47 /escm/css/modern_ui/js/main.js,200,OK,Thread Group 1-9,text,true,2967,10,10,26
2017/02/20 13:21:29.932,8,32 /escm/css/modern_ui/js/jquery-validate/additional-methods.min.js,200,OK,Thread Group 1-10,text,true,2753,10,10,7
2017/02/20 13:21:29.934,61,30 /escm/css/modern_ui/js/jquery-ui-1.8.17.custom.min.js,200,OK,Thread Group 1-9,text,true,53407,10,10,29
2017/02/20 13:21:29.920,91,64 /escm/css/modern_ui/images/myDashboard.png,200,OK,Thread Group 1-5,bin,true,3239,10,10,91
2017/02/20 13:21:29.941,492,20 /escm/css/modern_ui/organization.css,200,OK,Thread Group 1-10,text,true,52718,10,10,90
2017/02/20 13:21:30.010,431,53 /escm/js/usageGraphJS/jqplot.canvasTextRenderer.min.js,200,OK,Thread Group 1-9,text,true,4130,10,10,430
2017/02/20 13:21:30.435,14,71 /escm/css/modern_ui/images/shoppingCart.png,200,OK,Thread Group 1-10,bin,true,1403,10,10,14
2017/02/20 13:21:30.443,12,55 /escm/js/usageGraphJS/jqplot.pointLabels.min.js,200,OK,Thread Group 1-9,text,true,1988,10,10,11
2017/02/20 13:21:30.450,9,68 /escm/images/info12.png,200,OK,Thread Group 1-10,bin,true,5903,10,10,9
2017/02/20 13:18:58.749,151716,16 /escm/login/doAuth?id=loginform,200,OK,Thread Group 1-4,text,true,13907,10,10,3953
2017/02/20 13:21:30.460,9,69 /escm/css/modern_ui/images/dropDown.png,200,OK,Thread Group 1-10,bin,true,5895,10,10,9
2017/02/20 13:21:30.467,10,23 /escm/js/usageGraphJS/jqplot.canvasAxisLabelRenderer.min.js,200,OK,Thread Group 1-4,text,true,1301,10,10,9
2017/02/20 13:21:30.016,463,61 /escm/images/ticket/39x39ticket.png,200,OK,Thread Group 1-5,bin,true,2725,10,10,463
2017/02/20 13:21:30.471,11,70 /escm/css/modern_ui/images/exchange_server.jpg,200,OK,Thread Group 1-10,bin,true,14899,10,10,11
2017/02/20 13:21:30.480,30,62 /escm/css/modern_ui/images/myCatalog.png,200,OK,Thread Group 1-5,bin,true,3298,10,10,30
2017/02/20 13:21:30.456,56,49 /escm/js/usageGraphJS/jquery.jqplot.min.js,200,OK,Thread Group 1-9,text,true,43049,10,10,37
2017/02/20 13:21:30.478,36,22 /escm/css/modern_ui/jquery.multiselect.css,200,OK,Thread Group 1-4,text,true,2234,10,10,36
2017/02/20 13:21:30.514,16,40 /escm/js/usageGraphJS/jqplot.dateAxisRenderer.min.js,200,OK,Thread Group 1-9,text,true,3191,10,10,14
2017/02/20 13:21:30.515,24,21 /escm/css/modern_ui/usageGraph/jquery.jqplot.min.css,200,OK,Thread Group 1-4,text,true,1323,10,10,23
2017/02/20 13:21:30.531,19,52 /escm/js/usageGraphJS/jqplot.enhancedLegendRenderer.min.js,200,OK,Thread Group 1-9,text,true,2017,10,10,18
2017/02/20 13:21:30.541,46,29 /escm/css/modern_ui/js/jquery.blockUI.js,200,OK,Thread Group 1-4,text,true,6159,10,10,37
2017/02/20 13:21:30.484,104,67 /escm/css/modern_ui/images/search.png,200,OK,Thread Group 1-10,bin,true,3830,10,10,104
2017/02/20 13:21:30.588,10,25 /escm/css/modern_ui/jquery.alerts.css,200,OK,Thread Group 1-4,text,true,1235,10,10,10
2017/02/20 13:21:30.551,49,43 /escm/css/modern_ui/js/jquery-validate/jquery.validate.min.js,200,OK,Thread Group 1-9,text,true,6824,10,10,47
2017/02/20 13:21:30.590,13,66 /escm/css/modern_ui/images/CP_login.png,200,OK,Thread Group 1-10,bin,true,6465,10,10,13
2017/02/20 13:21:30.601,47,32 /escm/css/modern_ui/js/jquery-validate/additional-methods.min.js,200,OK,Thread Group 1-9,text,true,2753,10,10,9
2017/02/20 13:21:30.605,46,63 /escm/css/modern_ui/images/logo.png,200,OK,Thread Group 1-10,bin,true,8109,10,10,46
2017/02/20 13:21:30.512,140,50 /escm/css/modern_ui/js/jquery-1.5.2.min.js,200,OK,Thread Group 1-5,text,true,65186,10,10,84
2017/02/20 13:21:30.600,54,27 /escm/css/modern_ui/usageGraph/jquery.jqplot.css,200,OK,Thread Group 1-4,text,true,1865,10,10,54
2017/02/20 13:21:30.650,108,20 /escm/css/modern_ui/organization.css,200,OK,Thread Group 1-9,text,true,52718,10,10,79
2017/02/20 13:21:30.656,126,26 /escm/css/modern_ui/js/jquery.tablesorter.js,200,OK,Thread Group 1-4,text,true,8739,10,10,110
2017/02/20 13:21:30.652,142,65 /escm/css/modern_ui/images/myAccount.png,200,OK,Thread Group 1-10,bin,true,13097,10,10,142
2017/02/20 13:21:30.654,152,56 /escm/js/payment/jquery.dataTables.js,200,OK,Thread Group 1-5,text,true,89133,10,10,67
2017/02/20 13:18:53.731,151972,LoginPagewithDahboard,200,"Number of samples in transaction : 53, number of failing samples : 0",Thread Group 1-5,,true,500661,10,10,6936
2017/02/20 13:21:30.783,27,24 /escm/css/modern_ui/tablesorter.css,200,OK,Thread Group 1-4,text,true,2313,9,9,27
2017/02/20 13:21:30.811,12,58 /escm/js/jquery.scrollToTop.min.js,200,OK,Thread Group 1-4,text,true,774,9,9,12
2017/02/20 13:21:30.759,66,71 /escm/css/modern_ui/images/shoppingCart.png,200,OK,Thread Group 1-9,bin,true,1403,9,9,66
2017/02/20 13:21:30.795,34,64 /escm/css/modern_ui/images/myDashboard.png,200,OK,Thread Group 1-10,bin,true,3239,9,9,34
2017/02/20 13:21:30.826,16,68 /escm/images/info12.png,200,OK,Thread Group 1-9,bin,true,5903,9,9,16
2017/02/20 13:21:30.825,18,51 /escm/js/usageGraphJS/jqplot.highlighter.min.js,200,OK,Thread Group 1-4,text,true,2518,9,9,18
2017/02/20 13:21:30.831,27,61 /escm/images/ticket/39x39ticket.png,200,OK,Thread Group 1-10,bin,true,2725,9,9,27
2017/02/20 13:21:30.844,74,48 /escm/css/payment/jquery.tzCheckbox.css,200,OK,Thread Group 1-4,text,true,1130,9,9,73
2017/02/20 13:21:30.860,62,62 /escm/css/modern_ui/images/myCatalog.png,200,OK,Thread Group 1-10,bin,true,3298,9,9,62
2017/02/20 13:21:30.919,9,44 /escm/css/modern_ui/js/validator.js,200,OK,Thread Group 1-4,text,true,4646,9,9,9
2017/02/20 13:21:30.843,92,69 /escm/css/modern_ui/images/dropDown.png,200,OK,Thread Group 1-9,bin,true,5895,9,9,92
2017/02/20 13:21:30.930,70,59 /escm/js/payment/jquery.tzCheckbox.js,200,OK,Thread Group 1-4,text,true,1635,9,9,70
2017/02/20 13:21:30.936,93,70 /escm/css/modern_ui/images/exchange_server.jpg,200,OK,Thread Group 1-9,bin,true,14899,9,9,93
2017/02/20 13:21:31.031,43,67 /escm/css/modern_ui/images/search.png,200,OK,Thread Group 1-9,bin,true,3830,9,9,43
2017/02/20 13:21:30.923,169,50 /escm/css/modern_ui/js/jquery-1.5.2.min.js,200,OK,Thread Group 1-10,text,true,65186,9,9,109
2017/02/20 13:21:31.076,18,66 /escm/css/modern_ui/images/CP_login.png,200,OK,Thread Group 1-9,bin,true,6465,9,9,18
2017/02/20 13:21:31.001,102,31 /escm/css/modern_ui/theme/jquery-ui-1.8.17.custom.css,200,OK,Thread Group 1-4,text,true,6581,9,9,100
2017/02/20 13:18:58.748,152369,16 /escm/login/doAuth?id=loginform,200,OK,Thread Group 1-2,text,true,13903,9,9,4110
2017/02/20 13:21:31.104,18,60 /escm/js/panels.js,200,OK,Thread Group 1-4,text,true,2221,9,9,17
2017/02/20 13:21:31.095,29,63 /escm/css/modern_ui/images/logo.png,200,OK,Thread Group 1-9,bin,true,8109,9,9,29
2017/02/20 13:21:31.118,8,23 /escm/js/usageGraphJS/jqplot.canvasAxisLabelRenderer.min.js,200,OK,Thread Group 1-2,text,true,1301,9,9,8
2017/02/20 13:21:31.125,6,65 /escm/css/modern_ui/images/myAccount.png,200,OK,Thread Group 1-9,bin,true,13097,9,9,5
2017/02/20 13:21:31.128,6,22 /escm/css/modern_ui/jquery.multiselect.css,200,OK,Thread Group 1-2,text,true,2234,9,9,6
2017/02/20 13:21:31.132,6,64 /escm/css/modern_ui/images/myDashboard.png,200,OK,Thread Group 1-9,bin,true,3239,9,9,6
2017/02/20 13:21:31.136,7,21 /escm/css/modern_ui/usageGraph/jquery.jqplot.min.css,200,OK,Thread Group 1-2,text,true,1323,9,9,6
2017/02/20 13:21:31.139,7,61 /escm/images/ticket/39x39ticket.png,200,OK,Thread Group 1-9,bin,true,2725,9,9,7
2017/02/20 13:21:31.144,9,29 /escm/css/modern_ui/js/jquery.blockUI.js,200,OK,Thread Group 1-2,text,true,6159,9,9,8
2017/02/20 13:21:31.147,10,62 /escm/css/modern_ui/images/myCatalog.png,200,OK,Thread Group 1-9,bin,true,3298,9,9,10
2017/02/20 13:21:31.155,7,25 /escm/css/modern_ui/jquery.alerts.css,200,OK,Thread Group 1-2,text,true,1235,9,9,6
2017/02/20 13:21:31.093,92,56 /escm/js/payment/jquery.dataTables.js,200,OK,Thread Group 1-10,text,true,89133,9,9,34
2017/02/20 13:18:58.746,152360,LoginPagewithDahboard,200,"Number of samples in transaction : 53, number of failing samples : 0",Thread Group 1-10,,true,500661,9,9,7035
2017/02/20 13:21:31.163,27,27 /escm/css/modern_ui/usageGraph/jquery.jqplot.css,200,OK,Thread Group 1-2,text,true,1865,8,8,26
2017/02/20 13:21:31.123,71,36 /escm/css/modern_ui/js/jquery.multiselect.min.js,200,OK,Thread Group 1-4,text,true,3981,8,8,65
2017/02/20 13:21:31.192,13,26 /escm/css/modern_ui/js/jquery.tablesorter.js,200,OK,Thread Group 1-2,text,true,8739,8,8,11
2017/02/20 13:21:31.195,15,34 /escm/js/usageGraphJS/jqplot.canvasAxisTickRenderer.min.js,200,OK,Thread Group 1-4,text,true,1465,8,8,14
2017/02/20 13:21:31.206,9,24 /escm/css/modern_ui/tablesorter.css,200,OK,Thread Group 1-2,text,true,2313,8,8,9
2017/02/20 13:21:31.211,9,39 /escm/js/placeholders.min.js,200,OK,Thread Group 1-4,text,true,1967,8,8,9
2017/02/20 13:21:31.158,65,50 /escm/css/modern_ui/js/jquery-1.5.2.min.js,200,OK,Thread Group 1-9,text,true,65186,8,8,27
2017/02/20 13:21:31.217,15,58 /escm/js/jquery.scrollToTop.min.js,200,OK,Thread Group 1-2,text,true,774,8,8,15
2017/02/20 13:21:31.233,320,51 /escm/js/usageGraphJS/jqplot.highlighter.min.js,200,OK,Thread Group 1-2,text,true,2518,8,8,37
2017/02/20 13:21:31.222,336,38 /escm/js/usageGraphJS/excanvas.min.js,200,OK,Thread Group 1-4,text,true,8168,8,8,335
2017/02/20 13:21:31.554,9,48 /escm/css/payment/jquery.tzCheckbox.css,200,OK,Thread Group 1-2,text,true,1130,8,8,8
2017/02/20 13:21:31.559,9,57 /escm/js/escm_alert.js,200,OK,Thread Group 1-4,text,true,2139,8,8,8
2017/02/20 13:21:31.564,10,44 /escm/css/modern_ui/js/validator.js,200,OK,Thread Group 1-2,text,true,4646,8,8,10
2017/02/20 13:21:31.569,10,45 /escm/css/modern_ui/js/clearinput.js,200,OK,Thread Group 1-4,text,true,1200,8,8,10
2017/02/20 13:21:31.576,7,59 /escm/js/payment/jquery.tzCheckbox.js,200,OK,Thread Group 1-2,text,true,1635,8,8,7
2017/02/20 13:21:31.580,7,46 /escm/css/modern_ui/js/jquery-validate/jquery.metadata.js,200,OK,Thread Group 1-4,text,true,1939,8,8,7
2017/02/20 13:21:31.585,11,31 /escm/css/modern_ui/theme/jquery-ui-1.8.17.custom.css,200,OK,Thread Group 1-2,text,true,6581,8,8,10
2017/02/20 13:21:31.589,12,37 /escm/css/modern_ui/js/jquery.bpopup.min.js,200,OK,Thread Group 1-4,text,true,2280,8,8,11
2017/02/20 13:21:31.597,9,60 /escm/js/panels.js,200,OK,Thread Group 1-2,text,true,2221,8,8,9
2017/02/20 13:21:31.602,9,33 /escm/css/modern_ui/js/slideBlock.js,200,OK,Thread Group 1-4,text,true,1162,8,8,8
2017/02/20 13:21:31.608,8,36 /escm/css/modern_ui/js/jquery.multiselect.min.js,200,OK,Thread Group 1-2,text,true,3981,8,8,8
2017/02/20 13:21:31.612,12,54 /escm/js/usageGraphJS/jqplot.cursor.min.js,200,OK,Thread Group 1-4,text,true,5710,8,8,11
2017/02/20 13:21:31.618,11,34 /escm/js/usageGraphJS/jqplot.canvasAxisTickRenderer.min.js,200,OK,Thread Group 1-2,text,true,1465,8,8,11
2017/02/20 13:21:31.625,10,42 /escm/css/modern_ui/js/jquery.alerts.js,200,OK,Thread Group 1-4,text,true,2628,8,8,9
2017/02/20 13:21:31.630,11,39 /escm/js/placeholders.min.js,200,OK,Thread Group 1-2,text,true,1967,8,8,10
2017/02/20 13:21:31.636,9,41 /escm/css/modern_ui/js/datatable.js,200,OK,Thread Group 1-4,text,true,1607,8,8,9
2017/02/20 13:21:31.642,10,38 /escm/js/usageGraphJS/excanvas.min.js,200,OK,Thread Group 1-2,text,true,8168,8,8,9
2017/02/20 13:21:31.646,17,28 /escm/css/modern_ui/js/jquery.qtip-1.0.0-rc3.min.js,200,OK,Thread Group 1-4,text,true,10015,8,8,15
2017/02/20 13:21:31.654,14,57 /escm/js/escm_alert.js,200,OK,Thread Group 1-2,text,true,2139,8,8,13
2017/02/20 13:21:31.664,9,35 /escm/css/modern_ui/usageGraph/examples.css,200,OK,Thread Group 1-4,text,true,1596,8,8,9
2017/02/20 13:21:31.670,8,45 /escm/css/modern_ui/js/clearinput.js,200,OK,Thread Group 1-2,text,true,1200,8,8,7
2017/02/20 13:21:31.674,9,47 /escm/css/modern_ui/js/main.js,200,OK,Thread Group 1-4,text,true,2967,8,8,9
2017/02/20 13:21:31.679,9,46 /escm/css/modern_ui/js/jquery-validate/jquery.metadata.js,200,OK,Thread Group 1-2,text,true,1939,8,8,9
2017/02/20 13:18:58.751,152960,16 /escm/login/doAuth?id=loginform,200,OK,Thread Group 1-6,text,true,13904,8,8,3904
2017/02/20 13:21:31.689,29,37 /escm/css/modern_ui/js/jquery.bpopup.min.js,200,OK,Thread Group 1-2,text,true,2280,8,8,28
2017/02/20 13:21:31.712,12,23 /escm/js/usageGraphJS/jqplot.canvasAxisLabelRenderer.min.js,200,OK,Thread Group 1-6,text,true,1301,8,8,11
2017/02/20 13:21:31.719,10,33 /escm/css/modern_ui/js/slideBlock.js,200,OK,Thread Group 1-2,text,true,1162,8,8,10
2017/02/20 13:21:31.725,9,22 /escm/css/modern_ui/jquery.multiselect.css,200,OK,Thread Group 1-6,text,true,2234,8,8,9
2017/02/20 13:21:31.731,12,54 /escm/js/usageGraphJS/jqplot.cursor.min.js,200,OK,Thread Group 1-2,text,true,5710,8,8,11
2017/02/20 13:21:31.745,25,42 /escm/css/modern_ui/js/jquery.alerts.js,200,OK,Thread Group 1-2,text,true,2628,8,8,24
2017/02/20 13:21:31.735,62,21 /escm/css/modern_ui/usageGraph/jquery.jqplot.min.css,200,OK,Thread Group 1-6,text,true,1323,8,8,55
2017/02/20 13:21:31.771,56,41 /escm/css/modern_ui/js/datatable.js,200,OK,Thread Group 1-2,text,true,1607,8,8,56
2017/02/20 13:21:31.684,154,30 /escm/css/modern_ui/js/jquery-ui-1.8.17.custom.min.js,200,OK,Thread Group 1-4,text,true,53407,8,8,133
2017/02/20 13:21:31.828,44,28 /escm/css/modern_ui/js/jquery.qtip-1.0.0-rc3.min.js,200,OK,Thread Group 1-2,text,true,10015,8,8,27
2017/02/20 13:21:31.798,76,29 /escm/css/modern_ui/js/jquery.blockUI.js,200,OK,Thread Group 1-6,text,true,6159,8,8,68
2017/02/20 13:21:31.224,661,56 /escm/js/payment/jquery.dataTables.js,200,OK,Thread Group 1-9,text,true,89133,8,8,557
2017/02/20 13:18:57.976,153043,LoginPagewithDahboard,200,"Number of samples in transaction : 53, number of failing samples : 0",Thread Group 1-9,,true,500661,8,8,6413
2017/02/20 13:21:31.873,14,35 /escm/css/modern_ui/usageGraph/examples.css,200,OK,Thread Group 1-2,text,true,1596,7,7,14
2017/02/20 13:21:31.875,15,25 /escm/css/modern_ui/jquery.alerts.css,200,OK,Thread Group 1-6,text,true,1235,7,7,14
2017/02/20 13:21:31.889,8,47 /escm/css/modern_ui/js/main.js,200,OK,Thread Group 1-2,text,true,2967,7,7,8
2017/02/20 13:21:31.891,11,27 /escm/css/modern_ui/usageGraph/jquery.jqplot.css,200,OK,Thread Group 1-6,text,true,1865,7,7,11
2017/02/20 13:21:31.840,76,53 /escm/js/usageGraphJS/jqplot.canvasTextRenderer.min.js,200,OK,Thread Group 1-4,text,true,4130,7,7,66
2017/02/20 13:21:31.918,18,55 /escm/js/usageGraphJS/jqplot.pointLabels.min.js,200,OK,Thread Group 1-4,text,true,1988,7,7,17
2017/02/20 13:21:31.898,50,30 /escm/css/modern_ui/js/jquery-ui-1.8.17.custom.min.js,200,OK,Thread Group 1-2,text,true,53407,7,7,25
2017/02/20 13:21:31.937,49,49 /escm/js/usageGraphJS/jquery.jqplot.min.js,200,OK,Thread Group 1-4,text,true,43049,7,7,33
2017/02/20 13:21:31.905,95,26 /escm/css/modern_ui/js/jquery.tablesorter.js,200,OK,Thread Group 1-6,text,true,8739,7,7,94
2017/02/20 13:21:32.002,6,24 /escm/css/modern_ui/tablesorter.css,200,OK,Thread Group 1-6,text,true,2313,7,7,6
2017/02/20 13:21:31.950,61,53 /escm/js/usageGraphJS/jqplot.canvasTextRenderer.min.js,200,OK,Thread Group 1-2,text,true,4130,7,7,53
2017/02/20 13:21:31.988,24,40 /escm/js/usageGraphJS/jqplot.dateAxisRenderer.min.js,200,OK,Thread Group 1-4,text,true,3191,7,7,24
2017/02/20 13:21:32.013,52,55 /escm/js/usageGraphJS/jqplot.pointLabels.min.js,200,OK,Thread Group 1-2,text,true,1988,7,7,44
2017/02/20 13:21:32.009,63,58 /escm/js/jquery.scrollToTop.min.js,200,OK,Thread Group 1-6,text,true,774,7,7,63
2017/02/20 13:21:32.014,60,52 /escm/js/usageGraphJS/jqplot.enhancedLegendRenderer.min.js,200,OK,Thread Group 1-4,text,true,2017,7,7,60
2017/02/20 13:21:32.073,10,51 /escm/js/usageGraphJS/jqplot.highlighter.min.js,200,OK,Thread Group 1-6,text,true,2518,7,7,9
2017/02/20 13:21:32.075,15,43 /escm/css/modern_ui/js/jquery-validate/jquery.validate.min.js,200,OK,Thread Group 1-4,text,true,6824,7,7,14
2017/02/20 13:21:32.084,11,48 /escm/css/payment/jquery.tzCheckbox.css,200,OK,Thread Group 1-6,text,true,1130,7,7,11
2017/02/20 13:21:32.091,8,32 /escm/css/modern_ui/js/jquery-validate/additional-methods.min.js,200,OK,Thread Group 1-4,text,true,2753,7,7,8
2017/02/20 13:21:32.096,10,44 /escm/css/modern_ui/js/validator.js,200,OK,Thread Group 1-6,text,true,4646,7,7,9
2017/02/20 13:21:32.067,64,49 /escm/js/usageGraphJS/jquery.jqplot.min.js,200,OK,Thread Group 1-2,text,true,43049,7,7,49
2017/02/20 13:21:32.107,28,59 /escm/js/payment/jquery.tzCheckbox.js,200,OK,Thread Group 1-6,text,true,1635,7,7,28
2017/02/20 13:21:32.132,9,40 /escm/js/usageGraphJS/jqplot.dateAxisRenderer.min.js,200,OK,Thread Group 1-2,text,true,3191,7,7,8
2017/02/20 13:21:32.136,13,31 /escm/css/modern_ui/theme/jquery-ui-1.8.17.custom.css,200,OK,Thread Group 1-6,text,true,6581,7,7,12
2017/02/20 13:21:32.142,12,52 /escm/js/usageGraphJS/jqplot.enhancedLegendRenderer.min.js,200,OK,Thread Group 1-2,text,true,2017,7,7,12
2017/02/20 13:21:32.100,59,20 /escm/css/modern_ui/organization.css,200,OK,Thread Group 1-4,text,true,52718,7,7,32
2017/02/20 13:21:32.150,9,60 /escm/js/panels.js,200,OK,Thread Group 1-6,text,true,2221,7,7,9
2017/02/20 13:21:32.155,10,43 /escm/css/modern_ui/js/jquery-validate/jquery.validate.min.js,200,OK,Thread Group 1-2,text,true,6824,7,7,9
2017/02/20 13:21:32.160,10,71 /escm/css/modern_ui/images/shoppingCart.png,200,OK,Thread Group 1-4,bin,true,1403,7,7,10
2017/02/20 13:21:32.161,14,36 /escm/css/modern_ui/js/jquery.multiselect.min.js,200,OK,Thread Group 1-6,text,true,3981,7,7,14
2017/02/20 13:21:32.166,14,32 /escm/css/modern_ui/js/jquery-validate/additional-methods.min.js,200,OK,Thread Group 1-2,text,true,2753,7,7,14
2017/02/20 13:21:32.171,14,68 /escm/images/info12.png,200,OK,Thread Group 1-4,bin,true,5903,7,7,14
2017/02/20 13:21:32.177,13,34 /escm/js/usageGraphJS/jqplot.canvasAxisTickRenderer.min.js,200,OK,Thread Group 1-6,text,true,1465,7,7,13
2017/02/20 13:21:32.186,54,69 /escm/css/modern_ui/images/dropDown.png,200,OK,Thread Group 1-4,bin,true,5895,7,7,54
2017/02/20 13:21:32.182,59,20 /escm/css/modern_ui/organization.css,200,OK,Thread Group 1-2,text,true,52718,7,7,34
2017/02/20 13:21:32.191,55,39 /escm/js/placeholders.min.js,200,OK,Thread Group 1-6,text,true,1967,7,7,54
2017/02/20 13:21:32.243,9,71 /escm/css/modern_ui/images/shoppingCart.png,200,OK,Thread Group 1-2,bin,true,1403,7,7,9
2017/02/20 13:18:58.748,153524,16 /escm/login/doAuth?id=loginform,200,OK,Thread Group 1-1,text,true,13904,7,7,3951
2017/02/20 13:21:32.253,26,68 /escm/images/info12.png,200,OK,Thread Group 1-2,bin,true,5903,7,7,26
2017/02/20 13:21:32.247,32,38 /escm/js/usageGraphJS/excanvas.min.js,200,OK,Thread Group 1-6,text,true,8168,7,7,31
2017/02/20 13:21:32.241,39,70 /escm/css/modern_ui/images/exchange_server.jpg,200,OK,Thread Group 1-4,bin,true,14899,7,7,34
2017/02/20 13:21:32.274,10,23 /escm/js/usageGraphJS/jqplot.canvasAxisLabelRenderer.min.js,200,OK,Thread Group 1-1,text,true,1301,7,7,9
2017/02/20 13:21:32.280,8,69 /escm/css/modern_ui/images/dropDown.png,200,OK,Thread Group 1-2,bin,true,5895,7,7,8
2017/02/20 13:21:32.285,6,22 /escm/css/modern_ui/jquery.multiselect.css,200,OK,Thread Group 1-1,text,true,2234,7,7,6
2017/02/20 13:21:32.289,5,70 /escm/css/modern_ui/images/exchange_server.jpg,200,OK,Thread Group 1-2,bin,true,14899,7,7,5
2017/02/20 13:21:32.282,16,67 /escm/css/modern_ui/images/search.png,200,OK,Thread Group 1-4,bin,true,3830,7,7,16
2017/02/20 13:21:32.292,10,21 /escm/css/modern_ui/usageGraph/jquery.jqplot.min.css,200,OK,Thread Group 1-1,text,true,1323,7,7,10
2017/02/20 13:21:32.299,13,66 /escm/css/modern_ui/images/CP_login.png,200,OK,Thread Group 1-4,bin,true,6465,7,7,13
2017/02/20 13:21:32.304,14,29 /escm/css/modern_ui/js/jquery.blockUI.js,200,OK,Thread Group 1-1,text,true,6159,7,7,13
2017/02/20 13:21:32.313,9,63 /escm/css/modern_ui/images/logo.png,200,OK,Thread Group 1-4,bin,true,8109,7,7,9
2017/02/20 13:21:32.280,45,57 /escm/js/escm_alert.js,200,OK,Thread Group 1-6,text,true,2139,7,7,44
2017/02/20 13:21:32.320,6,25 /escm/css/modern_ui/jquery.alerts.css,200,OK,Thread Group 1-1,text,true,1235,7,7,6
2017/02/20 13:21:32.295,33,67 /escm/css/modern_ui/images/search.png,200,OK,Thread Group 1-2,bin,true,3830,7,7,33
2017/02/20 13:21:32.323,6,65 /escm/css/modern_ui/images/myAccount.png,200,OK,Thread Group 1-4,bin,true,13097,7,7,6
2017/02/20 13:21:32.326,6,45 /escm/css/modern_ui/js/clearinput.js,200,OK,Thread Group 1-6,text,true,1200,7,7,5
2017/02/20 13:21:32.327,8,27 /escm/css/modern_ui/usageGraph/jquery.jqplot.css,200,OK,Thread Group 1-1,text,true,1865,7,7,8
2017/02/20 13:21:32.329,8,66 /escm/css/modern_ui/images/CP_login.png,200,OK,Thread Group 1-2,bin,true,6465,7,7,8
2017/02/20 13:21:32.330,9,64 /escm/css/modern_ui/images/myDashboard.png,200,OK,Thread Group 1-4,bin,true,3239,7,7,8
2017/02/20 13:21:32.334,7,46 /escm/css/modern_ui/js/jquery-validate/jquery.metadata.js,200,OK,Thread Group 1-6,text,true,1939,7,7,6
2017/02/20 13:21:32.338,7,63 /escm/css/modern_ui/images/logo.png,200,OK,Thread Group 1-2,bin,true,8109,7,7,7
2017/02/20 13:21:32.336,12,26 /escm/css/modern_ui/js/jquery.tablesorter.js,200,OK,Thread Group 1-1,text,true,8739,7,7,10
2017/02/20 13:21:32.340,10,61 /escm/images/ticket/39x39ticket.png,200,OK,Thread Group 1-4,bin,true,2725,7,7,10
2017/02/20 13:21:32.342,10,37 /escm/css/modern_ui/js/jquery.bpopup.min.js,200,OK,Thread Group 1-6,text,true,2280,7,7,10
2017/02/20 13:21:32.347,8,65 /escm/css/modern_ui/images/myAccount.png,200,OK,Thread Group 1-2,bin,true,13097,7,7,7
2017/02/20 13:21:32.349,9,24 /escm/css/modern_ui/tablesorter.css,200,OK,Thread Group 1-1,text,true,2313,7,7,9
2017/02/20 13:21:32.351,9,62 /escm/css/modern_ui/images/myCatalog.png,200,OK,Thread Group 1-4,bin,true,3298,7,7,9
2017/02/20 13:21:32.353,9,33 /escm/css/modern_ui/js/slideBlock.js,200,OK,Thread Group 1-6,text,true,1162,7,7,9
2017/02/20 13:21:32.356,8,64 /escm/css/modern_ui/images/myDashboard.png,200,OK,Thread Group 1-2,bin,true,3239,7,7,8
2017/02/20 13:21:32.359,7,58 /escm/js/jquery.scrollToTop.min.js,200,OK,Thread Group 1-1,text,true,774,7,7,7
2017/02/20 13:21:32.363,9,54 /escm/js/usageGraphJS/jqplot.cursor.min.js,200,OK,Thread Group 1-6,text,true,5710,7,7,8
2017/02/20 13:21:32.365,11,61 /escm/images/ticket/39x39ticket.png,200,OK,Thread Group 1-2,bin,true,2725,7,7,11
2017/02/20 13:21:32.367,14,51 /escm/js/usageGraphJS/jqplot.highlighter.min.js,200,OK,Thread Group 1-1,text,true,2518,7,7,14
2017/02/20 13:21:32.373,13,42 /escm/css/modern_ui/js/jquery.alerts.js,200,OK,Thread Group 1-6,text,true,2628,7,7,12
2017/02/20 13:21:32.377,12,62 /escm/css/modern_ui/images/myCatalog.png,200,OK,Thread Group 1-2,bin,true,3298,7,7,12
2017/02/20 13:21:32.382,11,48 /escm/css/payment/jquery.tzCheckbox.css,200,OK,Thread Group 1-1,text,true,1130,7,7,11
2017/02/20 13:21:32.387,9,41 /escm/css/modern_ui/js/datatable.js,200,OK,Thread Group 1-6,text,true,1607,7,7,9
2017/02/20 13:21:32.391,63,50 /escm/css/modern_ui/js/jquery-1.5.2.min.js,200,OK,Thread Group 1-2,text,true,65186,7,7,29
2017/02/20 13:21:32.397,67,28 /escm/css/modern_ui/js/jquery.qtip-1.0.0-rc3.min.js,200,OK,Thread Group 1-6,text,true,10015,7,7,65
2017/02/20 13:21:32.465,69,35 /escm/css/modern_ui/usageGraph/examples.css,200,OK,Thread Group 1-6,text,true,1596,7,7,68
2017/02/20 13:21:32.395,140,44 /escm/css/modern_ui/js/validator.js,200,OK,Thread Group 1-1,text,true,4646,7,7,113
2017/02/20 13:21:32.535,5,47 /escm/css/modern_ui/js/main.js,200,OK,Thread Group 1-6,text,true,2967,7,7,5
2017/02/20 13:21:32.456,88,56 /escm/js/payment/jquery.dataTables.js,200,OK,Thread Group 1-2,text,true,89133,7,7,32
2017/02/20 13:18:52.988,153722,LoginPagewithDahboard,200,"Number of samples in transaction : 53, number of failing samples : 0",Thread Group 1-2,,true,500660,7,7,4974
2017/02/20 13:21:32.537,8,59 /escm/js/payment/jquery.tzCheckbox.js,200,OK,Thread Group 1-1,text,true,1635,7,7,7
2017/02/20 13:21:32.361,208,50 /escm/css/modern_ui/js/jquery-1.5.2.min.js,200,OK,Thread Group 1-4,text,true,65186,6,6,118
2017/02/20 13:21:32.542,43,30 /escm/css/modern_ui/js/jquery-ui-1.8.17.custom.min.js,200,OK,Thread Group 1-6,text,true,53407,6,6,22
2017/02/20 13:21:32.586,8,53 /escm/js/usageGraphJS/jqplot.canvasTextRenderer.min.js,200,OK,Thread Group 1-6,text,true,4130,6,6,7
2017/02/20 13:21:32.546,49,31 /escm/css/modern_ui/theme/jquery-ui-1.8.17.custom.css,200,OK,Thread Group 1-1,text,true,6581,6,6,40
2017/02/20 13:21:32.595,6,55 /escm/js/usageGraphJS/jqplot.pointLabels.min.js,200,OK,Thread Group 1-6,text,true,1988,6,6,6
2017/02/20 13:21:32.596,16,60 /escm/js/panels.js,200,OK,Thread Group 1-1,text,true,2221,6,6,15
2017/02/20 13:21:32.614,23,36 /escm/css/modern_ui/js/jquery.multiselect.min.js,200,OK,Thread Group 1-1,text,true,3981,6,6,23
2017/02/20 13:21:32.638,9,34 /escm/js/usageGraphJS/jqplot.canvasAxisTickRenderer.min.js,200,OK,Thread Group 1-1,text,true,1465,6,6,8
2017/02/20 13:21:32.602,55,49 /escm/js/usageGraphJS/jquery.jqplot.min.js,200,OK,Thread Group 1-6,text,true,43049,6,6,23
2017/02/20 13:21:32.648,14,39 /escm/js/placeholders.min.js,200,OK,Thread Group 1-1,text,true,1967,6,6,13
2017/02/20 13:21:32.658,9,40 /escm/js/usageGraphJS/jqplot.dateAxisRenderer.min.js,200,OK,Thread Group 1-6,text,true,3191,6,6,9
2017/02/20 13:21:32.663,12,38 /escm/js/usageGraphJS/excanvas.min.js,200,OK,Thread Group 1-1,text,true,8168,6,6,10
2017/02/20 13:21:32.669,11,52 /escm/js/usageGraphJS/jqplot.enhancedLegendRenderer.min.js,200,OK,Thread Group 1-6,text,true,2017,6,6,10
2017/02/20 13:21:32.680,7,57 /escm/js/escm_alert.js,200,OK,Thread Group 1-1,text,true,2139,6,6,7
2017/02/20 13:21:32.570,117,56 /escm/js/payment/jquery.dataTables.js,200,OK,Thread Group 1-4,text,true,89133,6,6,41
2017/02/20 13:18:53.208,153873,LoginPagewithDahboard,200,"Number of samples in transaction : 53, number of failing samples : 0",Thread Group 1-4,,true,500664,6,6,5816
2017/02/20 13:21:32.688,10,45 /escm/css/modern_ui/js/clearinput.js,200,OK,Thread Group 1-1,text,true,1200,5,5,9
2017/02/20 13:21:32.682,33,43 /escm/css/modern_ui/js/jquery-validate/jquery.validate.min.js,200,OK,Thread Group 1-6,text,true,6824,5,5,32
2017/02/20 13:21:32.699,21,46 /escm/css/modern_ui/js/jquery-validate/jquery.metadata.js,200,OK,Thread Group 1-1,text,true,1939,5,5,21
2017/02/20 13:21:32.717,10,32 /escm/css/modern_ui/js/jquery-validate/additional-methods.min.js,200,OK,Thread Group 1-6,text,true,2753,5,5,9
2017/02/20 13:21:32.722,33,37 /escm/css/modern_ui/js/jquery.bpopup.min.js,200,OK,Thread Group 1-1,text,true,2280,5,5,26
2017/02/20 13:21:32.728,51,20 /escm/css/modern_ui/organization.css,200,OK,Thread Group 1-6,text,true,52718,5,5,27
2017/02/20 13:21:32.757,27,33 /escm/css/modern_ui/js/slideBlock.js,200,OK,Thread Group 1-1,text,true,1162,5,5,26
2017/02/20 13:21:32.780,8,71 /escm/css/modern_ui/images/shoppingCart.png,200,OK,Thread Group 1-6,bin,true,1403,5,5,8
2017/02/20 13:21:32.785,8,54 /escm/js/usageGraphJS/jqplot.cursor.min.js,200,OK,Thread Group 1-1,text,true,5710,5,5,7
2017/02/20 13:21:32.789,7,68 /escm/images/info12.png,200,OK,Thread Group 1-6,bin,true,5903,5,5,6
2017/02/20 13:21:32.795,6,42 /escm/css/modern_ui/js/jquery.alerts.js,200,OK,Thread Group 1-1,text,true,2628,5,5,5
2017/02/20 13:21:32.797,4,69 /escm/css/modern_ui/images/dropDown.png,200,OK,Thread Group 1-6,bin,true,5895,5,5,4
2017/02/20 13:21:32.802,8,70 /escm/css/modern_ui/images/exchange_server.jpg,200,OK,Thread Group 1-6,bin,true,14899,5,5,8
2017/02/20 13:21:32.802,12,41 /escm/css/modern_ui/js/datatable.js,200,OK,Thread Group 1-1,text,true,1607,5,5,12
2017/02/20 13:21:32.811,13,67 /escm/css/modern_ui/images/search.png,200,OK,Thread Group 1-6,bin,true,3830,5,5,13
2017/02/20 13:21:32.815,12,28 /escm/css/modern_ui/js/jquery.qtip-1.0.0-rc3.min.js,200,OK,Thread Group 1-1,text,true,10015,5,5,10
2017/02/20 13:21:32.825,6,66 /escm/css/modern_ui/images/CP_login.png,200,OK,Thread Group 1-6,bin,true,6465,5,5,6
2017/02/20 13:21:32.828,9,35 /escm/css/modern_ui/usageGraph/examples.css,200,OK,Thread Group 1-1,text,true,1596,5,5,8
2017/02/20 13:21:32.832,7,63 /escm/css/modern_ui/images/logo.png,200,OK,Thread Group 1-6,bin,true,8109,5,5,7
2017/02/20 13:21:32.840,7,65 /escm/css/modern_ui/images/myAccount.png,200,OK,Thread Group 1-6,bin,true,13097,5,5,7
2017/02/20 13:21:32.838,17,47 /escm/css/modern_ui/js/main.js,200,OK,Thread Group 1-1,text,true,2967,5,5,16
2017/02/20 13:21:32.850,9,64 /escm/css/modern_ui/images/myDashboard.png,200,OK,Thread Group 1-6,bin,true,3239,5,5,9
2017/02/20 13:21:32.860,7,61 /escm/images/ticket/39x39ticket.png,200,OK,Thread Group 1-6,bin,true,2725,5,5,6
2017/02/20 13:21:32.868,27,62 /escm/css/modern_ui/images/myCatalog.png,200,OK,Thread Group 1-6,bin,true,3298,5,5,27
2017/02/20 13:21:32.856,60,30 /escm/css/modern_ui/js/jquery-ui-1.8.17.custom.min.js,200,OK,Thread Group 1-1,text,true,53407,5,5,34
2017/02/20 13:21:32.917,10,53 /escm/js/usageGraphJS/jqplot.canvasTextRenderer.min.js,200,OK,Thread Group 1-1,text,true,4130,5,5,9
2017/02/20 13:21:32.928,9,55 /escm/js/usageGraphJS/jqplot.pointLabels.min.js,200,OK,Thread Group 1-1,text,true,1988,5,5,8
2017/02/20 13:21:32.896,84,50 /escm/css/modern_ui/js/jquery-1.5.2.min.js,200,OK,Thread Group 1-6,text,true,65186,5,5,33
2017/02/20 13:21:32.938,47,49 /escm/js/usageGraphJS/jquery.jqplot.min.js,200,OK,Thread Group 1-1,text,true,43049,5,5,24
2017/02/20 13:21:32.986,17,40 /escm/js/usageGraphJS/jqplot.dateAxisRenderer.min.js,200,OK,Thread Group 1-1,text,true,3191,5,5,17
2017/02/20 13:21:33.004,11,52 /escm/js/usageGraphJS/jqplot.enhancedLegendRenderer.min.js,200,OK,Thread Group 1-1,text,true,2017,5,5,11
2017/02/20 13:21:33.016,47,43 /escm/css/modern_ui/js/jquery-validate/jquery.validate.min.js,200,OK,Thread Group 1-1,text,true,6824,5,5,45
2017/02/20 13:21:33.064,20,32 /escm/css/modern_ui/js/jquery-validate/additional-methods.min.js,200,OK,Thread Group 1-1,text,true,2753,5,5,19
2017/02/20 13:21:32.981,121,56 /escm/js/payment/jquery.dataTables.js,200,OK,Thread Group 1-6,text,true,89133,5,5,51
2017/02/20 13:18:54.756,154287,LoginPagewithDahboard,200,"Number of samples in transaction : 53, number of failing samples : 0",Thread Group 1-6,,true,500661,5,5,4996
2017/02/20 13:21:33.085,72,20 /escm/css/modern_ui/organization.css,200,OK,Thread Group 1-1,text,true,52718,4,4,35
2017/02/20 13:21:33.159,6,71 /escm/css/modern_ui/images/shoppingCart.png,200,OK,Thread Group 1-1,bin,true,1403,4,4,6
2017/02/20 13:21:33.166,8,68 /escm/images/info12.png,200,OK,Thread Group 1-1,bin,true,5903,4,4,8
2017/02/20 13:21:33.175,8,69 /escm/css/modern_ui/images/dropDown.png,200,OK,Thread Group 1-1,bin,true,5895,4,4,8
2017/02/20 13:21:33.184,6,70 /escm/css/modern_ui/images/exchange_server.jpg,200,OK,Thread Group 1-1,bin,true,14899,4,4,6
2017/02/20 13:21:33.192,5,67 /escm/css/modern_ui/images/search.png,200,OK,Thread Group 1-1,bin,true,3830,4,4,5
2017/02/20 13:21:33.198,6,66 /escm/css/modern_ui/images/CP_login.png,200,OK,Thread Group 1-1,bin,true,6465,4,4,6
2017/02/20 13:21:33.205,9,63 /escm/css/modern_ui/images/logo.png,200,OK,Thread Group 1-1,bin,true,8109,4,4,9
2017/02/20 13:21:33.215,6,65 /escm/css/modern_ui/images/myAccount.png,200,OK,Thread Group 1-1,bin,true,13097,4,4,6
2017/02/20 13:21:33.222,7,64 /escm/css/modern_ui/images/myDashboard.png,200,OK,Thread Group 1-1,bin,true,3239,4,4,7
2017/02/20 13:21:33.230,6,61 /escm/images/ticket/39x39ticket.png,200,OK,Thread Group 1-1,bin,true,2725,4,4,6
2017/02/20 13:21:33.237,5,62 /escm/css/modern_ui/images/myCatalog.png,200,OK,Thread Group 1-1,bin,true,3298,4,4,5
2017/02/20 13:21:33.243,72,50 /escm/css/modern_ui/js/jquery-1.5.2.min.js,200,OK,Thread Group 1-1,text,true,65186,4,4,29
2017/02/20 13:21:33.317,101,56 /escm/js/payment/jquery.dataTables.js,200,OK,Thread Group 1-1,text,true,89133,4,4,32
2017/02/20 13:18:53.010,154602,LoginPagewithDahboard,200,"Number of samples in transaction : 53, number of failing samples : 0",Thread Group 1-1,,true,500661,4,4,4765
2017/02/20 13:18:58.749,154804,16 /escm/login/doAuth?id=loginform,200,OK,Thread Group 1-3,text,true,13904,3,3,3903
2017/02/20 13:21:33.554,17,23 /escm/js/usageGraphJS/jqplot.canvasAxisLabelRenderer.min.js,200,OK,Thread Group 1-3,text,true,1301,3,3,16
2017/02/20 13:21:33.572,7,22 /escm/css/modern_ui/jquery.multiselect.css,200,OK,Thread Group 1-3,text,true,2234,3,3,6
2017/02/20 13:21:33.580,7,21 /escm/css/modern_ui/usageGraph/jquery.jqplot.min.css,200,OK,Thread Group 1-3,text,true,1323,3,3,7
2017/02/20 13:21:33.588,12,29 /escm/css/modern_ui/js/jquery.blockUI.js,200,OK,Thread Group 1-3,text,true,6159,3,3,10
2017/02/20 13:21:33.601,8,25 /escm/css/modern_ui/jquery.alerts.css,200,OK,Thread Group 1-3,text,true,1235,3,3,7
2017/02/20 13:21:33.610,8,27 /escm/css/modern_ui/usageGraph/jquery.jqplot.css,200,OK,Thread Group 1-3,text,true,1865,3,3,7
2017/02/20 13:21:33.619,11,26 /escm/css/modern_ui/js/jquery.tablesorter.js,200,OK,Thread Group 1-3,text,true,8739,3,3,10
2017/02/20 13:21:33.632,5,24 /escm/css/modern_ui/tablesorter.css,200,OK,Thread Group 1-3,text,true,2313,3,3,5
2017/02/20 13:21:33.639,7,58 /escm/js/jquery.scrollToTop.min.js,200,OK,Thread Group 1-3,text,true,774,3,3,7
2017/02/20 13:21:33.648,10,51 /escm/js/usageGraphJS/jqplot.highlighter.min.js,200,OK,Thread Group 1-3,text,true,2518,3,3,9
2017/02/20 13:21:33.659,6,48 /escm/css/payment/jquery.tzCheckbox.css,200,OK,Thread Group 1-3,text,true,1130,3,3,6
2017/02/20 13:21:33.666,9,44 /escm/css/modern_ui/js/validator.js,200,OK,Thread Group 1-3,text,true,4646,3,3,7
2017/02/20 13:21:33.676,8,59 /escm/js/payment/jquery.tzCheckbox.js,200,OK,Thread Group 1-3,text,true,1635,3,3,8
2017/02/20 13:21:33.685,12,31 /escm/css/modern_ui/theme/jquery-ui-1.8.17.custom.css,200,OK,Thread Group 1-3,text,true,6581,3,3,11
2017/02/20 13:21:33.698,8,60 /escm/js/panels.js,200,OK,Thread Group 1-3,text,true,2221,3,3,7
2017/02/20 13:21:33.707,10,36 /escm/css/modern_ui/js/jquery.multiselect.min.js,200,OK,Thread Group 1-3,text,true,3981,3,3,9
2017/02/20 13:21:33.718,7,34 /escm/js/usageGraphJS/jqplot.canvasAxisTickRenderer.min.js,200,OK,Thread Group 1-3,text,true,1465,3,3,6
2017/02/20 13:21:33.726,8,39 /escm/js/placeholders.min.js,200,OK,Thread Group 1-3,text,true,1967,3,3,7
2017/02/20 13:21:33.735,11,38 /escm/js/usageGraphJS/excanvas.min.js,200,OK,Thread Group 1-3,text,true,8168,3,3,8
2017/02/20 13:21:33.747,8,57 /escm/js/escm_alert.js,200,OK,Thread Group 1-3,text,true,2139,3,3,6
2017/02/20 13:21:33.756,5,45 /escm/css/modern_ui/js/clearinput.js,200,OK,Thread Group 1-3,text,true,1200,3,3,5
2017/02/20 13:21:33.762,6,46 /escm/css/modern_ui/js/jquery-validate/jquery.metadata.js,200,OK,Thread Group 1-3,text,true,1939,3,3,5
2017/02/20 13:21:33.769,6,37 /escm/css/modern_ui/js/jquery.bpopup.min.js,200,OK,Thread Group 1-3,text,true,2280,3,3,6
2017/02/20 13:21:33.777,6,33 /escm/css/modern_ui/js/slideBlock.js,200,OK,Thread Group 1-3,text,true,1162,3,3,5
2017/02/20 13:21:33.784,8,54 /escm/js/usageGraphJS/jqplot.cursor.min.js,200,OK,Thread Group 1-3,text,true,5710,3,3,7
2017/02/20 13:21:33.794,8,42 /escm/css/modern_ui/js/jquery.alerts.js,200,OK,Thread Group 1-3,text,true,2628,3,3,5
2017/02/20 13:21:33.803,5,41 /escm/css/modern_ui/js/datatable.js,200,OK,Thread Group 1-3,text,true,1607,3,3,5
2017/02/20 13:21:33.809,13,28 /escm/css/modern_ui/js/jquery.qtip-1.0.0-rc3.min.js,200,OK,Thread Group 1-3,text,true,10015,3,3,10
2017/02/20 13:21:33.823,6,35 /escm/css/modern_ui/usageGraph/examples.css,200,OK,Thread Group 1-3,text,true,1596,3,3,5
2017/02/20 13:21:33.830,6,47 /escm/css/modern_ui/js/main.js,200,OK,Thread Group 1-3,text,true,2967,3,3,6
2017/02/20 13:21:33.837,44,30 /escm/css/modern_ui/js/jquery-ui-1.8.17.custom.min.js,200,OK,Thread Group 1-3,text,true,53407,3,3,21
2017/02/20 13:21:33.882,9,53 /escm/js/usageGraphJS/jqplot.canvasTextRenderer.min.js,200,OK,Thread Group 1-3,text,true,4130,3,3,8
2017/02/20 13:21:33.892,7,55 /escm/js/usageGraphJS/jqplot.pointLabels.min.js,200,OK,Thread Group 1-3,text,true,1988,3,3,6
2017/02/20 13:21:33.900,41,49 /escm/js/usageGraphJS/jquery.jqplot.min.js,200,OK,Thread Group 1-3,text,true,43049,3,3,23
2017/02/20 13:21:33.943,7,40 /escm/js/usageGraphJS/jqplot.dateAxisRenderer.min.js,200,OK,Thread Group 1-3,text,true,3191,3,3,6
2017/02/20 13:21:33.951,6,52 /escm/js/usageGraphJS/jqplot.enhancedLegendRenderer.min.js,200,OK,Thread Group 1-3,text,true,2017,3,3,6
2017/02/20 13:21:33.958,11,43 /escm/css/modern_ui/js/jquery-validate/jquery.validate.min.js,200,OK,Thread Group 1-3,text,true,6824,3,3,10
2017/02/20 13:21:33.970,9,32 /escm/css/modern_ui/js/jquery-validate/additional-methods.min.js,200,OK,Thread Group 1-3,text,true,2753,3,3,9
2017/02/20 13:21:33.980,54,20 /escm/css/modern_ui/organization.css,200,OK,Thread Group 1-3,text,true,52718,3,3,29
2017/02/20 13:21:34.035,4,71 /escm/css/modern_ui/images/shoppingCart.png,200,OK,Thread Group 1-3,bin,true,1403,3,3,4
2017/02/20 13:21:34.044,5,68 /escm/images/info12.png,200,OK,Thread Group 1-3,bin,true,5903,3,3,5
2017/02/20 13:21:34.050,4,69 /escm/css/modern_ui/images/dropDown.png,200,OK,Thread Group 1-3,bin,true,5895,3,3,4
2017/02/20 13:21:34.055,4,70 /escm/css/modern_ui/images/exchange_server.jpg,200,OK,Thread Group 1-3,bin,true,14899,3,3,4
2017/02/20 13:21:34.060,4,67 /escm/css/modern_ui/images/search.png,200,OK,Thread Group 1-3,bin,true,3830,3,3,4
2017/02/20 13:21:34.065,5,66 /escm/css/modern_ui/images/CP_login.png,200,OK,Thread Group 1-3,bin,true,6465,3,3,5
2017/02/20 13:21:34.071,4,63 /escm/css/modern_ui/images/logo.png,200,OK,Thread Group 1-3,bin,true,8109,3,3,4
2017/02/20 13:21:34.076,5,65 /escm/css/modern_ui/images/myAccount.png,200,OK,Thread Group 1-3,bin,true,13097,3,3,4
2017/02/20 13:21:34.082,4,64 /escm/css/modern_ui/images/myDashboard.png,200,OK,Thread Group 1-3,bin,true,3239,3,3,4
2017/02/20 13:21:34.087,5,61 /escm/images/ticket/39x39ticket.png,200,OK,Thread Group 1-3,bin,true,2725,3,3,5
2017/02/20 13:21:34.093,4,62 /escm/css/modern_ui/images/myCatalog.png,200,OK,Thread Group 1-3,bin,true,3298,3,3,4
2017/02/20 13:21:34.098,68,50 /escm/css/modern_ui/js/jquery-1.5.2.min.js,200,OK,Thread Group 1-3,text,true,65186,3,3,26
2017/02/20 13:21:34.167,110,56 /escm/js/payment/jquery.dataTables.js,200,OK,Thread Group 1-3,text,true,89133,3,3,35
2017/02/20 13:18:53.148,155466,LoginPagewithDahboard,200,"Number of samples in transaction : 53, number of failing samples : 0",Thread Group 1-3,,true,500661,3,3,4347
2017/02/20 13:18:58.752,155986,16 /escm/login/doAuth?id=loginform,200,OK,Thread Group 1-8,text,true,13903,2,2,3980
2017/02/20 13:21:34.739,7,23 /escm/js/usageGraphJS/jqplot.canvasAxisLabelRenderer.min.js,200,OK,Thread Group 1-8,text,true,1301,2,2,6
2017/02/20 13:21:34.747,5,22 /escm/css/modern_ui/jquery.multiselect.css,200,OK,Thread Group 1-8,text,true,2234,2,2,5
2017/02/20 13:21:34.753,5,21 /escm/css/modern_ui/usageGraph/jquery.jqplot.min.css,200,OK,Thread Group 1-8,text,true,1323,2,2,5
2017/02/20 13:21:34.760,10,29 /escm/css/modern_ui/js/jquery.blockUI.js,200,OK,Thread Group 1-8,text,true,6159,2,2,7
2017/02/20 13:21:34.771,6,25 /escm/css/modern_ui/jquery.alerts.css,200,OK,Thread Group 1-8,text,true,1235,2,2,5
2017/02/20 13:21:34.778,7,27 /escm/css/modern_ui/usageGraph/jquery.jqplot.css,200,OK,Thread Group 1-8,text,true,1865,2,2,6
2017/02/20 13:21:34.787,13,26 /escm/css/modern_ui/js/jquery.tablesorter.js,200,OK,Thread Group 1-8,text,true,8739,2,2,10
2017/02/20 13:21:34.801,5,24 /escm/css/modern_ui/tablesorter.css,200,OK,Thread Group 1-8,text,true,2313,2,2,5
2017/02/20 13:21:34.807,4,58 /escm/js/jquery.scrollToTop.min.js,200,OK,Thread Group 1-8,text,true,774,2,2,4
2017/02/20 13:21:34.813,6,51 /escm/js/usageGraphJS/jqplot.highlighter.min.js,200,OK,Thread Group 1-8,text,true,2518,2,2,6
2017/02/20 13:21:34.821,4,48 /escm/css/payment/jquery.tzCheckbox.css,200,OK,Thread Group 1-8,text,true,1130,2,2,4
2017/02/20 13:21:34.826,8,44 /escm/css/modern_ui/js/validator.js,200,OK,Thread Group 1-8,text,true,4646,2,2,7
2017/02/20 13:21:34.835,5,59 /escm/js/payment/jquery.tzCheckbox.js,200,OK,Thread Group 1-8,text,true,1635,2,2,5
2017/02/20 13:21:34.841,11,31 /escm/css/modern_ui/theme/jquery-ui-1.8.17.custom.css,200,OK,Thread Group 1-8,text,true,6581,2,2,9
2017/02/20 13:21:34.853,5,60 /escm/js/panels.js,200,OK,Thread Group 1-8,text,true,2221,2,2,5
2017/02/20 13:21:34.860,6,36 /escm/css/modern_ui/js/jquery.multiselect.min.js,200,OK,Thread Group 1-8,text,true,3981,2,2,5
2017/02/20 13:21:34.867,7,34 /escm/js/usageGraphJS/jqplot.canvasAxisTickRenderer.min.js,200,OK,Thread Group 1-8,text,true,1465,2,2,6
2017/02/20 13:21:34.875,6,39 /escm/js/placeholders.min.js,200,OK,Thread Group 1-8,text,true,1967,2,2,6
2017/02/20 13:21:34.882,10,38 /escm/js/usageGraphJS/excanvas.min.js,200,OK,Thread Group 1-8,text,true,8168,2,2,8
2017/02/20 13:21:34.893,7,57 /escm/js/escm_alert.js,200,OK,Thread Group 1-8,text,true,2139,2,2,6
2017/02/20 13:21:34.902,7,45 /escm/css/modern_ui/js/clearinput.js,200,OK,Thread Group 1-8,text,true,1200,2,2,6
2017/02/20 13:21:34.910,8,46 /escm/css/modern_ui/js/jquery-validate/jquery.metadata.js,200,OK,Thread Group 1-8,text,true,1939,2,2,7
2017/02/20 13:21:34.919,9,37 /escm/css/modern_ui/js/jquery.bpopup.min.js,200,OK,Thread Group 1-8,text,true,2280,2,2,7
2017/02/20 13:21:34.929,7,33 /escm/css/modern_ui/js/slideBlock.js,200,OK,Thread Group 1-8,text,true,1162,2,2,6
2017/02/20 13:21:34.937,11,54 /escm/js/usageGraphJS/jqplot.cursor.min.js,200,OK,Thread Group 1-8,text,true,5710,2,2,9
2017/02/20 13:21:34.949,8,42 /escm/css/modern_ui/js/jquery.alerts.js,200,OK,Thread Group 1-8,text,true,2628,2,2,7
2017/02/20 13:21:34.958,6,41 /escm/css/modern_ui/js/datatable.js,200,OK,Thread Group 1-8,text,true,1607,2,2,6
2017/02/20 13:21:34.965,11,28 /escm/css/modern_ui/js/jquery.qtip-1.0.0-rc3.min.js,200,OK,Thread Group 1-8,text,true,10015,2,2,10
2017/02/20 13:21:34.977,6,35 /escm/css/modern_ui/usageGraph/examples.css,200,OK,Thread Group 1-8,text,true,1596,2,2,6
2017/02/20 13:21:34.984,7,47 /escm/css/modern_ui/js/main.js,200,OK,Thread Group 1-8,text,true,2967,2,2,6
2017/02/20 13:21:34.992,52,30 /escm/css/modern_ui/js/jquery-ui-1.8.17.custom.min.js,200,OK,Thread Group 1-8,text,true,53407,2,2,24
2017/02/20 13:21:35.046,9,53 /escm/js/usageGraphJS/jqplot.canvasTextRenderer.min.js,200,OK,Thread Group 1-8,text,true,4130,2,2,7
2017/02/20 13:21:35.056,7,55 /escm/js/usageGraphJS/jqplot.pointLabels.min.js,200,OK,Thread Group 1-8,text,true,1988,2,2,6
2017/02/20 13:21:35.064,41,49 /escm/js/usageGraphJS/jquery.jqplot.min.js,200,OK,Thread Group 1-8,text,true,43049,2,2,21
2017/02/20 13:21:35.106,9,40 /escm/js/usageGraphJS/jqplot.dateAxisRenderer.min.js,200,OK,Thread Group 1-8,text,true,3191,2,2,8
2017/02/20 13:21:35.116,7,52 /escm/js/usageGraphJS/jqplot.enhancedLegendRenderer.min.js,200,OK,Thread Group 1-8,text,true,2017,2,2,6
2017/02/20 13:21:35.124,12,43 /escm/css/modern_ui/js/jquery-validate/jquery.validate.min.js,200,OK,Thread Group 1-8,text,true,6824,2,2,9
2017/02/20 13:21:35.137,17,32 /escm/css/modern_ui/js/jquery-validate/additional-methods.min.js,200,OK,Thread Group 1-8,text,true,2753,2,2,17
2017/02/20 13:21:35.155,58,20 /escm/css/modern_ui/organization.css,200,OK,Thread Group 1-8,text,true,52718,2,2,31
2017/02/20 13:21:35.214,6,71 /escm/css/modern_ui/images/shoppingCart.png,200,OK,Thread Group 1-8,bin,true,1403,2,2,6
2017/02/20 13:21:35.221,6,68 /escm/images/info12.png,200,OK,Thread Group 1-8,bin,true,5903,2,2,6
2017/02/20 13:21:35.228,7,69 /escm/css/modern_ui/images/dropDown.png,200,OK,Thread Group 1-8,bin,true,5895,2,2,7
2017/02/20 13:21:35.236,5,70 /escm/css/modern_ui/images/exchange_server.jpg,200,OK,Thread Group 1-8,bin,true,14899,2,2,4
2017/02/20 13:21:35.242,5,67 /escm/css/modern_ui/images/search.png,200,OK,Thread Group 1-8,bin,true,3830,2,2,5
2017/02/20 13:21:35.248,6,66 /escm/css/modern_ui/images/CP_login.png,200,OK,Thread Group 1-8,bin,true,6465,2,2,6
2017/02/20 13:21:35.255,5,63 /escm/css/modern_ui/images/logo.png,200,OK,Thread Group 1-8,bin,true,8109,2,2,5
2017/02/20 13:21:35.261,6,65 /escm/css/modern_ui/images/myAccount.png,200,OK,Thread Group 1-8,bin,true,13097,2,2,5
2017/02/20 13:21:35.268,8,64 /escm/css/modern_ui/images/myDashboard.png,200,OK,Thread Group 1-8,bin,true,3239,2,2,8
2017/02/20 13:21:35.277,5,61 /escm/images/ticket/39x39ticket.png,200,OK,Thread Group 1-8,bin,true,2725,2,2,4
2017/02/20 13:21:35.283,5,62 /escm/css/modern_ui/images/myCatalog.png,200,OK,Thread Group 1-8,bin,true,3298,2,2,5
2017/02/20 13:21:35.289,64,50 /escm/css/modern_ui/js/jquery-1.5.2.min.js,200,OK,Thread Group 1-8,text,true,65186,2,2,24
2017/02/20 13:21:35.354,103,56 /escm/js/payment/jquery.dataTables.js,200,OK,Thread Group 1-8,text,true,89133,2,2,29
2017/02/20 13:18:56.758,156646,LoginPagewithDahboard,200,"Number of samples in transaction : 53, number of failing samples : 0",Thread Group 1-8,,true,500660,2,2,4413
2017/02/20 13:18:58.751,159342,16 /escm/login/doAuth?id=loginform,200,OK,Thread Group 1-7,text,true,13904,1,1,4127
2017/02/20 13:21:38.095,5,23 /escm/js/usageGraphJS/jqplot.canvasAxisLabelRenderer.min.js,200,OK,Thread Group 1-7,text,true,1301,1,1,5
2017/02/20 13:21:38.101,5,22 /escm/css/modern_ui/jquery.multiselect.css,200,OK,Thread Group 1-7,text,true,2234,1,1,5
2017/02/20 13:21:38.107,5,21 /escm/css/modern_ui/usageGraph/jquery.jqplot.min.css,200,OK,Thread Group 1-7,text,true,1323,1,1,5
2017/02/20 13:21:38.113,8,29 /escm/css/modern_ui/js/jquery.blockUI.js,200,OK,Thread Group 1-7,text,true,6159,1,1,7
2017/02/20 13:21:38.122,7,25 /escm/css/modern_ui/jquery.alerts.css,200,OK,Thread Group 1-7,text,true,1235,1,1,6
2017/02/20 13:21:38.130,6,27 /escm/css/modern_ui/usageGraph/jquery.jqplot.css,200,OK,Thread Group 1-7,text,true,1865,1,1,6
2017/02/20 13:21:38.137,14,26 /escm/css/modern_ui/js/jquery.tablesorter.js,200,OK,Thread Group 1-7,text,true,8739,1,1,9
2017/02/20 13:21:38.152,5,24 /escm/css/modern_ui/tablesorter.css,200,OK,Thread Group 1-7,text,true,2313,1,1,5
2017/02/20 13:21:38.158,4,58 /escm/js/jquery.scrollToTop.min.js,200,OK,Thread Group 1-7,text,true,774,1,1,4
2017/02/20 13:21:38.163,8,51 /escm/js/usageGraphJS/jqplot.highlighter.min.js,200,OK,Thread Group 1-7,text,true,2518,1,1,7
2017/02/20 13:21:38.172,5,48 /escm/css/payment/jquery.tzCheckbox.css,200,OK,Thread Group 1-7,text,true,1130,1,1,5
2017/02/20 13:21:38.178,8,44 /escm/css/modern_ui/js/validator.js,200,OK,Thread Group 1-7,text,true,4646,1,1,6
2017/02/20 13:21:38.188,4,59 /escm/js/payment/jquery.tzCheckbox.js,200,OK,Thread Group 1-7,text,true,1635,1,1,4
2017/02/20 13:21:38.193,10,31 /escm/css/modern_ui/theme/jquery-ui-1.8.17.custom.css,200,OK,Thread Group 1-7,text,true,6581,1,1,8
2017/02/20 13:21:38.204,6,60 /escm/js/panels.js,200,OK,Thread Group 1-7,text,true,2221,1,1,5
2017/02/20 13:21:38.211,8,36 /escm/css/modern_ui/js/jquery.multiselect.min.js,200,OK,Thread Group 1-7,text,true,3981,1,1,6
2017/02/20 13:21:38.220,6,34 /escm/js/usageGraphJS/jqplot.canvasAxisTickRenderer.min.js,200,OK,Thread Group 1-7,text,true,1465,1,1,6
2017/02/20 13:21:38.227,7,39 /escm/js/placeholders.min.js,200,OK,Thread Group 1-7,text,true,1967,1,1,6
2017/02/20 13:21:38.235,11,38 /escm/js/usageGraphJS/excanvas.min.js,200,OK,Thread Group 1-7,text,true,8168,1,1,10
2017/02/20 13:21:38.247,9,57 /escm/js/escm_alert.js,200,OK,Thread Group 1-7,text,true,2139,1,1,8
2017/02/20 13:21:38.257,6,45 /escm/css/modern_ui/js/clearinput.js,200,OK,Thread Group 1-7,text,true,1200,1,1,5
2017/02/20 13:21:38.264,6,46 /escm/css/modern_ui/js/jquery-validate/jquery.metadata.js,200,OK,Thread Group 1-7,text,true,1939,1,1,5
2017/02/20 13:21:38.271,20,37 /escm/css/modern_ui/js/jquery.bpopup.min.js,200,OK,Thread Group 1-7,text,true,2280,1,1,20
2017/02/20 13:21:38.292,7,33 /escm/css/modern_ui/js/slideBlock.js,200,OK,Thread Group 1-7,text,true,1162,1,1,7
2017/02/20 13:21:38.300,8,54 /escm/js/usageGraphJS/jqplot.cursor.min.js,200,OK,Thread Group 1-7,text,true,5710,1,1,7
2017/02/20 13:21:38.309,6,42 /escm/css/modern_ui/js/jquery.alerts.js,200,OK,Thread Group 1-7,text,true,2628,1,1,6
2017/02/20 13:21:38.316,6,41 /escm/css/modern_ui/js/datatable.js,200,OK,Thread Group 1-7,text,true,1607,1,1,6
2017/02/20 13:21:38.323,11,28 /escm/css/modern_ui/js/jquery.qtip-1.0.0-rc3.min.js,200,OK,Thread Group 1-7,text,true,10015,1,1,9
2017/02/20 13:21:38.335,6,35 /escm/css/modern_ui/usageGraph/examples.css,200,OK,Thread Group 1-7,text,true,1596,1,1,5
2017/02/20 13:21:38.342,6,47 /escm/css/modern_ui/js/main.js,200,OK,Thread Group 1-7,text,true,2967,1,1,5
2017/02/20 13:21:38.349,43,30 /escm/css/modern_ui/js/jquery-ui-1.8.17.custom.min.js,200,OK,Thread Group 1-7,text,true,53407,1,1,20
2017/02/20 13:21:38.393,8,53 /escm/js/usageGraphJS/jqplot.canvasTextRenderer.min.js,200,OK,Thread Group 1-7,text,true,4130,1,1,7
2017/02/20 13:21:38.402,8,55 /escm/js/usageGraphJS/jqplot.pointLabels.min.js,200,OK,Thread Group 1-7,text,true,1988,1,1,7
2017/02/20 13:21:38.411,48,49 /escm/js/usageGraphJS/jquery.jqplot.min.js,200,OK,Thread Group 1-7,text,true,43049,1,1,24
2017/02/20 13:21:38.460,8,40 /escm/js/usageGraphJS/jqplot.dateAxisRenderer.min.js,200,OK,Thread Group 1-7,text,true,3191,1,1,7
2017/02/20 13:21:38.469,6,52 /escm/js/usageGraphJS/jqplot.enhancedLegendRenderer.min.js,200,OK,Thread Group 1-7,text,true,2017,1,1,5
2017/02/20 13:21:38.476,8,43 /escm/css/modern_ui/js/jquery-validate/jquery.validate.min.js,200,OK,Thread Group 1-7,text,true,6824,1,1,7
2017/02/20 13:21:38.486,6,32 /escm/css/modern_ui/js/jquery-validate/additional-methods.min.js,200,OK,Thread Group 1-7,text,true,2753,1,1,5
2017/02/20 13:21:38.493,55,20 /escm/css/modern_ui/organization.css,200,OK,Thread Group 1-7,text,true,52718,1,1,27
2017/02/20 13:21:38.549,5,71 /escm/css/modern_ui/images/shoppingCart.png,200,OK,Thread Group 1-7,bin,true,1403,1,1,5
2017/02/20 13:21:38.555,4,68 /escm/images/info12.png,200,OK,Thread Group 1-7,bin,true,5903,1,1,4
2017/02/20 13:21:38.560,5,69 /escm/css/modern_ui/images/dropDown.png,200,OK,Thread Group 1-7,bin,true,5895,1,1,5
2017/02/20 13:21:38.566,4,70 /escm/css/modern_ui/images/exchange_server.jpg,200,OK,Thread Group 1-7,bin,true,14899,1,1,4
2017/02/20 13:21:38.571,6,67 /escm/css/modern_ui/images/search.png,200,OK,Thread Group 1-7,bin,true,3830,1,1,6
2017/02/20 13:21:38.578,4,66 /escm/css/modern_ui/images/CP_login.png,200,OK,Thread Group 1-7,bin,true,6465,1,1,4
2017/02/20 13:21:38.583,4,63 /escm/css/modern_ui/images/logo.png,200,OK,Thread Group 1-7,bin,true,8109,1,1,4
2017/02/20 13:21:38.588,4,65 /escm/css/modern_ui/images/myAccount.png,200,OK,Thread Group 1-7,bin,true,13097,1,1,4
2017/02/20 13:21:38.593,4,64 /escm/css/modern_ui/images/myDashboard.png,200,OK,Thread Group 1-7,bin,true,3239,1,1,4
2017/02/20 13:21:38.598,5,61 /escm/images/ticket/39x39ticket.png,200,OK,Thread Group 1-7,bin,true,2725,1,1,5
2017/02/20 13:21:38.604,5,62 /escm/css/modern_ui/images/myCatalog.png,200,OK,Thread Group 1-7,bin,true,3298,1,1,5
2017/02/20 13:21:38.610,64,50 /escm/css/modern_ui/js/jquery-1.5.2.min.js,200,OK,Thread Group 1-7,text,true,65186,1,1,25
2017/02/20 13:21:38.675,93,56 /escm/js/payment/jquery.dataTables.js,200,OK,Thread Group 1-7,text,true,89133,1,1,26
2017/02/20 13:18:55.747,159962,LoginPagewithDahboard,200,"Number of samples in transaction : 53, number of failing samples : 0",Thread Group 1-7,,true,500661,1,1,4535
